"HITId","HITTypeId","Title","Description","Keywords","Reward","CreationTime","MaxAssignments","RequesterAnnotation","AssignmentDurationInSeconds","AutoApprovalDelayInSeconds","Expiration","NumberOfSimilarHITs","LifetimeInSeconds","AssignmentId","WorkerId","AssignmentStatus","AcceptTime","SubmitTime","AutoApprovalTime","ApprovalTime","RejectionTime","RequesterFeedback","WorkTimeInSeconds","LifetimeApprovalRate","Last30DaysApprovalRate","Last7DaysApprovalRate","Input.header","Answer.intent.label","Approve","Reject"
"3R5OYNIC2CATS7ZTL2RP28LN2RTTPL","3D7SO00DFLP8113XEKAE363T1IOVC0","Connotation of a Header","Select the connotation of the header","text, classification, intent","$0.02","Fri Apr 23 22:59:38 PDT 2021","3","BatchId:4419456;OriginalHitTemplateId:929448123;","86400","259200","Sun Apr 25 22:59:38 PDT 2021","","","3B2X28YI3WGN8ZL1WM6XLYK7BTY6BD","AVASQBFN6J692","Submitted","Fri Apr 23 23:08:16 PDT 2021","Fri Apr 23 23:08:24 PDT 2021","Mon Apr 26 23:08:24 PDT 2021","","","","8","0% (0/0)","0% (0/0)","0% (0/0)","Fallout Dangers From A-Test Cited","Negative"
"3R5OYNIC2CATS7ZTL2RP28LN2RTTPL","3D7SO00DFLP8113XEKAE363T1IOVC0","Connotation of a Header","Select the connotation of the header","text, classification, intent","$0.02","Fri Apr 23 22:59:38 PDT 2021","3","BatchId:4419456;OriginalHitTemplateId:929448123;","86400","259200","Sun Apr 25 22:59:38 PDT 2021","","","3URFVVM165J4S8EIYIK3NM5Q5I1UZ8","A2VO8C41JJIQY9","Submitted","Fri Apr 23 23:00:45 PDT 2021","Fri Apr 23 23:04:01 PDT 2021","Mon Apr 26 23:04:01 PDT 2021","","","","196","0% (0/0)","0% (0/0)","0% (0/0)","Fallout Dangers From A-Test Cited","Negative"
"3XJOUITW8USESJ08LF6E2DBX7NFTQC","3D7SO00DFLP8113XEKAE363T1IOVC0","Connotation of a Header","Select the connotation of the header","text, classification, intent","$0.02","Fri Apr 23 22:59:38 PDT 2021","3","BatchId:4419456;OriginalHitTemplateId:929448123;","86400","259200","Sun Apr 25 22:59:38 PDT 2021","","","31Z0PCVWUKG68LTNFI2AR6QPCBHT7O","A2VO8C41JJIQY9","Submitted","Fri Apr 23 23:02:36 PDT 2021","Fri Apr 23 23:06:29 PDT 2021","Mon Apr 26 23:06:29 PDT 2021","","","","233","0% (0/0)","0% (0/0)","0% (0/0)","Labor Legislation Criticized In Faculty Debate Panel Anti-Trust Legislation Cited Not Compatable With Labor","Negative"
"3XJOUITW8USESJ08LF6E2DBX7NFTQC","3D7SO00DFLP8113XEKAE363T1IOVC0","Connotation of a Header","Select the connotation of the header","text, classification, intent","$0.02","Fri Apr 23 22:59:38 PDT 2021","3","BatchId:4419456;OriginalHitTemplateId:929448123;","86400","259200","Sun Apr 25 22:59:38 PDT 2021","","","3LO69W1SU3E1I1WJZC4DBST1H1ELGG","AVASQBFN6J692","Submitted","Fri Apr 23 23:03:10 PDT 2021","Fri Apr 23 23:03:23 PDT 2021","Mon Apr 26 23:03:23 PDT 2021","","","","13","0% (0/0)","0% (0/0)","0% (0/0)","Labor Legislation Criticized In Faculty Debate Panel Anti-Trust Legislation Cited Not Compatable With Labor","Negative"
"385MDVINFCGPYD0PLURGSW6AXM5WJE","3D7SO00DFLP8113XEKAE363T1IOVC0","Connotation of a Header","Select the connotation of the header","text, classification, intent","$0.02","Fri Apr 23 22:59:38 PDT 2021","3","BatchId:4419456;OriginalHitTemplateId:929448123;","86400","259200","Sun Apr 25 22:59:38 PDT 2021","","","3AWETUDC92TZJHJI41VP4JHFBNEIZO","A12HSEVJPQODFW","Submitted","Fri Apr 23 23:02:01 PDT 2021","Fri Apr 23 23:02:24 PDT 2021","Mon Apr 26 23:02:24 PDT 2021","","","","23","0% (0/0)","0% (0/0)","0% (0/0)","Campus Guard Reports Six Fires Deliberately Set","Neutral"
"385MDVINFCGPYD0PLURGSW6AXM5WJE","3D7SO00DFLP8113XEKAE363T1IOVC0","Connotation of a Header","Select the connotation of the header","text, classification, intent","$0.02","Fri Apr 23 22:59:38 PDT 2021","3","BatchId:4419456;OriginalHitTemplateId:929448123;","86400","259200","Sun Apr 25 22:59:38 PDT 2021","","","3WYGZ5XF3WGTO0NS9CMTL6ZPGC3KSW","A2VO8C41JJIQY9","Submitted","Fri Apr 23 23:01:09 PDT 2021","Fri Apr 23 23:05:41 PDT 2021","Mon Apr 26 23:05:41 PDT 2021","","","","272","0% (0/0)","0% (0/0)","0% (0/0)","Campus Guard Reports Six Fires Deliberately Set","Negative"
"3E24UO25QZR559CGAP6H2YOJ8EMO6O","3D7SO00DFLP8113XEKAE363T1IOVC0","Connotation of a Header","Select the connotation of the header","text, classification, intent","$0.02","Fri Apr 23 22:59:38 PDT 2021","3","BatchId:4419456;OriginalHitTemplateId:929448123;","86400","259200","Sun Apr 25 22:59:38 PDT 2021","","","34BBWHLWHACVPMEDTEBI5FNXULAIWY","AVASQBFN6J692","Submitted","Fri Apr 23 23:01:46 PDT 2021","Fri Apr 23 23:01:59 PDT 2021","Mon Apr 26 23:01:59 PDT 2021","","","","13","0% (0/0)","0% (0/0)","0% (0/0)","One Year After Wharton Weighs Effects Of Liberalized Curriculum","Negative"
"3E24UO25QZR559CGAP6H2YOJ8EMO6O","3D7SO00DFLP8113XEKAE363T1IOVC0","Connotation of a Header","Select the connotation of the header","text, classification, intent","$0.02","Fri Apr 23 22:59:38 PDT 2021","3","BatchId:4419456;OriginalHitTemplateId:929448123;","86400","259200","Sun Apr 25 22:59:38 PDT 2021","","","38BQUHLA9W19GWV2N7I0GEHS8SVOM8","A2VO8C41JJIQY9","Submitted","Fri Apr 23 23:06:50 PDT 2021","Fri Apr 23 23:07:16 PDT 2021","Mon Apr 26 23:07:16 PDT 2021","","","","26","0% (0/0)","0% (0/0)","0% (0/0)","One Year After Wharton Weighs Effects Of Liberalized Curriculum","Neutral"
"3TKXBROM5TB7XIGKWDN1R5X2IB7IJT","3D7SO00DFLP8113XEKAE363T1IOVC0","Connotation of a Header","Select the connotation of the header","text, classification, intent","$0.02","Fri Apr 23 22:59:39 PDT 2021","3","BatchId:4419456;OriginalHitTemplateId:929448123;","86400","259200","Sun Apr 25 22:59:39 PDT 2021","","","3HOSI13XHZPF85Y0K55HMUIZV0WDDI","A2VO8C41JJIQY9","Submitted","Fri Apr 23 23:01:01 PDT 2021","Fri Apr 23 23:05:14 PDT 2021","Mon Apr 26 23:05:14 PDT 2021","","","","253","0% (0/0)","0% (0/0)","0% (0/0)","Columbia Lit. Editors Protest Censorship","Negative"
"3TKXBROM5TB7XIGKWDN1R5X2IB7IJT","3D7SO00DFLP8113XEKAE363T1IOVC0","Connotation of a Header","Select the connotation of the header","text, classification, intent","$0.02","Fri Apr 23 22:59:39 PDT 2021","3","BatchId:4419456;OriginalHitTemplateId:929448123;","86400","259200","Sun Apr 25 22:59:39 PDT 2021","","","3QRYMNZ7FYIVB6LAVPJZN3CFCQMTNZ","AVASQBFN6J692","Submitted","Fri Apr 23 23:04:45 PDT 2021","Fri Apr 23 23:04:53 PDT 2021","Mon Apr 26 23:04:53 PDT 2021","","","","8","0% (0/0)","0% (0/0)","0% (0/0)","Columbia Lit. Editors Protest Censorship","Negative"
"3X4Q1O9UBHNO99QLTZB98COF3P6O7N","3D7SO00DFLP8113XEKAE363T1IOVC0","Connotation of a Header","Select the connotation of the header","text, classification, intent","$0.02","Fri Apr 23 22:59:39 PDT 2021","3","BatchId:4419456;OriginalHitTemplateId:929448123;","86400","259200","Sun Apr 25 22:59:39 PDT 2021","","","3AMYWKA6YBN7RTAA0RBJRIK6ISGO6Y","AVASQBFN6J692","Submitted","Fri Apr 23 23:05:19 PDT 2021","Fri Apr 23 23:05:27 PDT 2021","Mon Apr 26 23:05:27 PDT 2021","","","","8","0% (0/0)","0% (0/0)","0% (0/0)","Baseball Team Rallies For Lead, Fails In Attempt At Circuit Title","Negative"
"3X4Q1O9UBHNO99QLTZB98COF3P6O7N","3D7SO00DFLP8113XEKAE363T1IOVC0","Connotation of a Header","Select the connotation of the header","text, classification, intent","$0.02","Fri Apr 23 22:59:39 PDT 2021","3","BatchId:4419456;OriginalHitTemplateId:929448123;","86400","259200","Sun Apr 25 22:59:39 PDT 2021","","","3KMS4QQVK2RKKVI63SMUE7GARM9FK8","A2VO8C41JJIQY9","Submitted","Fri Apr 23 23:00:49 PDT 2021","Fri Apr 23 23:04:18 PDT 2021","Mon Apr 26 23:04:18 PDT 2021","","","","209","0% (0/0)","0% (0/0)","0% (0/0)","Baseball Team Rallies For Lead, Fails In Attempt At Circuit Title","Negative"
"3BFF0DJK8XDQ5ZFLDJVJXDQYPB0TS1","3D7SO00DFLP8113XEKAE363T1IOVC0","Connotation of a Header","Select the connotation of the header","text, classification, intent","$0.02","Fri Apr 23 22:59:39 PDT 2021","3","BatchId:4419456;OriginalHitTemplateId:929448123;","86400","259200","Sun Apr 25 22:59:39 PDT 2021","","","320DUZ38G7NVNB8JWRS0VDG9DC9JGC","AVASQBFN6J692","Submitted","Fri Apr 23 23:04:24 PDT 2021","Fri Apr 23 23:04:31 PDT 2021","Mon Apr 26 23:04:31 PDT 2021","","","","7","0% (0/0)","0% (0/0)","0% (0/0)","NAACP Leader Attacks Harnwell Proposals","Negative"
"3BFF0DJK8XDQ5ZFLDJVJXDQYPB0TS1","3D7SO00DFLP8113XEKAE363T1IOVC0","Connotation of a Header","Select the connotation of the header","text, classification, intent","$0.02","Fri Apr 23 22:59:39 PDT 2021","3","BatchId:4419456;OriginalHitTemplateId:929448123;","86400","259200","Sun Apr 25 22:59:39 PDT 2021","","","3H8DHMCCW9CNMB4ACMR4Q7DPF9TDKV","A12HSEVJPQODFW","Submitted","Fri Apr 23 23:02:25 PDT 2021","Fri Apr 23 23:02:36 PDT 2021","Mon Apr 26 23:02:36 PDT 2021","","","","11","0% (0/0)","0% (0/0)","0% (0/0)","NAACP Leader Attacks Harnwell Proposals","Negative"
"3A3KKYU7P3IFZL6AOR488OYR1G0WMI","3D7SO00DFLP8113XEKAE363T1IOVC0","Connotation of a Header","Select the connotation of the header","text, classification, intent","$0.02","Fri Apr 23 22:59:39 PDT 2021","3","BatchId:4419456;OriginalHitTemplateId:929448123;","86400","259200","Sun Apr 25 22:59:39 PDT 2021","","","34X6J5FLPTZM002XZNXCPRKBJZIQJE","AVASQBFN6J692","Submitted","Fri Apr 23 23:02:11 PDT 2021","Fri Apr 23 23:02:17 PDT 2021","Mon Apr 26 23:02:17 PDT 2021","","","","6","0% (0/0)","0% (0/0)","0% (0/0)","Univ. Doctor Attacks Medicare Health Plan","Negative"
"3A3KKYU7P3IFZL6AOR488OYR1G0WMI","3D7SO00DFLP8113XEKAE363T1IOVC0","Connotation of a Header","Select the connotation of the header","text, classification, intent","$0.02","Fri Apr 23 22:59:39 PDT 2021","3","BatchId:4419456;OriginalHitTemplateId:929448123;","86400","259200","Sun Apr 25 22:59:39 PDT 2021","","","3JAOYWH7VI5M3R9BL6Y3JB7EDOJL9P","A2VO8C41JJIQY9","Submitted","Fri Apr 23 23:03:15 PDT 2021","Fri Apr 23 23:06:42 PDT 2021","Mon Apr 26 23:06:42 PDT 2021","","","","207","0% (0/0)","0% (0/0)","0% (0/0)","Univ. Doctor Attacks Medicare Health Plan","Negative"
"3K8CQCU3KE2LH3RA0SJ8L3NR66AWNI","3D7SO00DFLP8113XEKAE363T1IOVC0","Connotation of a Header","Select the connotation of the header","text, classification, intent","$0.02","Fri Apr 23 22:59:39 PDT 2021","3","BatchId:4419456;OriginalHitTemplateId:929448123;","86400","259200","Sun Apr 25 22:59:39 PDT 2021","","","3DR23U6WE5FRH08X2QGGXGI6YYLTEA","AVASQBFN6J692","Submitted","Fri Apr 23 23:03:23 PDT 2021","Fri Apr 23 23:03:34 PDT 2021","Mon Apr 26 23:03:34 PDT 2021","","","","11","0% (0/0)","0% (0/0)","0% (0/0)","Dr. Harnwell Refutes Donolow, Scores Speaker Ban Proposal","Neutral"
"3K8CQCU3KE2LH3RA0SJ8L3NR66AWNI","3D7SO00DFLP8113XEKAE363T1IOVC0","Connotation of a Header","Select the connotation of the header","text, classification, intent","$0.02","Fri Apr 23 22:59:39 PDT 2021","3","BatchId:4419456;OriginalHitTemplateId:929448123;","86400","259200","Sun Apr 25 22:59:39 PDT 2021","","","3PM8NZGV8YHNVK7MGRCDG0SQUXXXQ9","A2VO8C41JJIQY9","Submitted","Fri Apr 23 23:00:34 PDT 2021","Fri Apr 23 23:02:49 PDT 2021","Mon Apr 26 23:02:49 PDT 2021","","","","135","0% (0/0)","0% (0/0)","0% (0/0)","Dr. Harnwell Refutes Donolow, Scores Speaker Ban Proposal","Positive"
"388FBO7JZRUP68MAFT1W6087HEAYNJ","3D7SO00DFLP8113XEKAE363T1IOVC0","Connotation of a Header","Select the connotation of the header","text, classification, intent","$0.02","Fri Apr 23 22:59:40 PDT 2021","3","BatchId:4419456;OriginalHitTemplateId:929448123;","86400","259200","Sun Apr 25 22:59:40 PDT 2021","","","31EUONYN2V4S6JPB1ZJR3A05ZL7OVP","A14OPFM8OFA4WF","Submitted","Fri Apr 23 23:07:41 PDT 2021","Fri Apr 23 23:20:07 PDT 2021","Mon Apr 26 23:20:07 PDT 2021","","","","746","0% (0/0)","0% (0/0)","0% (0/0)","Race Against Time Faces Penna. Gridders While Injuries Sideline Creeden And Owens","Neutral"
"388FBO7JZRUP68MAFT1W6087HEAYNJ","3D7SO00DFLP8113XEKAE363T1IOVC0","Connotation of a Header","Select the connotation of the header","text, classification, intent","$0.02","Fri Apr 23 22:59:40 PDT 2021","3","BatchId:4419456;OriginalHitTemplateId:929448123;","86400","259200","Sun Apr 25 22:59:40 PDT 2021","","","37W3JXSD669HFMTIXWXLR3HLK48YWK","AVASQBFN6J692","Submitted","Fri Apr 23 23:06:08 PDT 2021","Fri Apr 23 23:06:15 PDT 2021","Mon Apr 26 23:06:15 PDT 2021","","","","7","0% (0/0)","0% (0/0)","0% (0/0)","Race Against Time Faces Penna. Gridders While Injuries Sideline Creeden And Owens","Negative"
"3D0LPO3EAB07OTMMG819LP8C7OFYOY","3D7SO00DFLP8113XEKAE363T1IOVC0","Connotation of a Header","Select the connotation of the header","text, classification, intent","$0.02","Fri Apr 23 22:59:40 PDT 2021","3","BatchId:4419456;OriginalHitTemplateId:929448123;","86400","259200","Sun Apr 25 22:59:40 PDT 2021","","","3E7TUJ2EGCN35FLJ8P0F0YZ94FHD91","A2VO8C41JJIQY9","Submitted","Fri Apr 23 23:00:40 PDT 2021","Fri Apr 23 23:03:40 PDT 2021","Mon Apr 26 23:03:40 PDT 2021","","","","180","0% (0/0)","0% (0/0)","0% (0/0)","Free U. Psychedelics Course Opens; Religious, Sexual Implications Cited","Negative"
"3D0LPO3EAB07OTMMG819LP8C7OFYOY","3D7SO00DFLP8113XEKAE363T1IOVC0","Connotation of a Header","Select the connotation of the header","text, classification, intent","$0.02","Fri Apr 23 22:59:40 PDT 2021","3","BatchId:4419456;OriginalHitTemplateId:929448123;","86400","259200","Sun Apr 25 22:59:40 PDT 2021","","","3ZGVPD4G6TIPSVZTYDUTIQJOM4UTZG","AVASQBFN6J692","Submitted","Fri Apr 23 23:06:38 PDT 2021","Fri Apr 23 23:06:45 PDT 2021","Mon Apr 26 23:06:45 PDT 2021","","","","7","0% (0/0)","0% (0/0)","0% (0/0)","Free U. Psychedelics Course Opens; Religious, Sexual Implications Cited","Negative"
"362E9TQF2HRX6GQJO72YUS5MQJQIGP","3D7SO00DFLP8113XEKAE363T1IOVC0","Connotation of a Header","Select the connotation of the header","text, classification, intent","$0.02","Fri Apr 23 22:59:37 PDT 2021","3","BatchId:4419456;OriginalHitTemplateId:929448123;","86400","259200","Sun Apr 25 22:59:37 PDT 2021","","","3PM8NZGV8YHNVK7MGRCDG0SQUXXQX2","AVASQBFN6J692","Submitted","Fri Apr 23 23:03:44 PDT 2021","Fri Apr 23 23:03:51 PDT 2021","Mon Apr 26 23:03:51 PDT 2021","","","","7","0% (0/0)","0% (0/0)","0% (0/0)","Top 5 Men Falter As Racketmen Bow To Pitt's Panthers","Positive"
"362E9TQF2HRX6GQJO72YUS5MQJQIGP","3D7SO00DFLP8113XEKAE363T1IOVC0","Connotation of a Header","Select the connotation of the header","text, classification, intent","$0.02","Fri Apr 23 22:59:37 PDT 2021","3","BatchId:4419456;OriginalHitTemplateId:929448123;","86400","259200","Sun Apr 25 22:59:37 PDT 2021","","","3X31TUMD7XN4EM6GHTJA45PVFCW1LX","A2VO8C41JJIQY9","Submitted","Fri Apr 23 23:12:03 PDT 2021","Fri Apr 23 23:12:10 PDT 2021","Mon Apr 26 23:12:10 PDT 2021","","","","7","0% (0/0)","0% (0/0)","0% (0/0)","Top 5 Men Falter As Racketmen Bow To Pitt's Panthers","Neutral"
"362E9TQF2HRX6GQJO72YUS5MQJQIGP","3D7SO00DFLP8113XEKAE363T1IOVC0","Connotation of a Header","Select the connotation of the header","text, classification, intent","$0.02","Fri Apr 23 22:59:37 PDT 2021","3","BatchId:4419456;OriginalHitTemplateId:929448123;","86400","259200","Sun Apr 25 22:59:37 PDT 2021","","","3XXU1SWE8MWNBEUUOJQKHMQAG8R0AB","A14OPFM8OFA4WF","Submitted","Fri Apr 23 23:05:46 PDT 2021","Fri Apr 23 23:05:53 PDT 2021","Mon Apr 26 23:05:53 PDT 2021","","","","7","0% (0/0)","0% (0/0)","0% (0/0)","Top 5 Men Falter As Racketmen Bow To Pitt's Panthers","Neutral"
"3UOMW19E6D78DGFZF1NLFSG2N5T5CT","3D7SO00DFLP8113XEKAE363T1IOVC0","Connotation of a Header","Select the connotation of the header","text, classification, intent","$0.02","Fri Apr 23 22:59:37 PDT 2021","3","BatchId:4419456;OriginalHitTemplateId:929448123;","86400","259200","Sun Apr 25 22:59:37 PDT 2021","","","3G0WWMR1UVLIJQTIELP4IY1SSJNQNI","AVASQBFN6J692","Submitted","Fri Apr 23 23:02:33 PDT 2021","Fri Apr 23 23:02:42 PDT 2021","Mon Apr 26 23:02:42 PDT 2021","","","","9","0% (0/0)","0% (0/0)","0% (0/0)","Worthy Claims Press Gives Inaccurate Picture Of Cuba CBS Correspondent Lauds Castro Govt.","Negative"
"3UOMW19E6D78DGFZF1NLFSG2N5T5CT","3D7SO00DFLP8113XEKAE363T1IOVC0","Connotation of a Header","Select the connotation of the header","text, classification, intent","$0.02","Fri Apr 23 22:59:37 PDT 2021","3","BatchId:4419456;OriginalHitTemplateId:929448123;","86400","259200","Sun Apr 25 22:59:37 PDT 2021","","","3STRJBFXOWSU3007YCRJVBVBIVHKTL","A2VO8C41JJIQY9","Submitted","Fri Apr 23 23:01:11 PDT 2021","Fri Apr 23 23:05:47 PDT 2021","Mon Apr 26 23:05:47 PDT 2021","","","","276","0% (0/0)","0% (0/0)","0% (0/0)","Worthy Claims Press Gives Inaccurate Picture Of Cuba CBS Correspondent Lauds Castro Govt.","Negative"
"3UOMW19E6D78DGFZF1NLFSG2N5T5CT","3D7SO00DFLP8113XEKAE363T1IOVC0","Connotation of a Header","Select the connotation of the header","text, classification, intent","$0.02","Fri Apr 23 22:59:37 PDT 2021","3","BatchId:4419456;OriginalHitTemplateId:929448123;","86400","259200","Sun Apr 25 22:59:37 PDT 2021","","","3Y9N9SS8LYCHQDW3RGZ59LWN4N83DB","A14OPFM8OFA4WF","Submitted","Fri Apr 23 23:06:36 PDT 2021","Fri Apr 23 23:06:47 PDT 2021","Mon Apr 26 23:06:47 PDT 2021","","","","11","0% (0/0)","0% (0/0)","0% (0/0)","Worthy Claims Press Gives Inaccurate Picture Of Cuba CBS Correspondent Lauds Castro Govt.","Negative"
"3J94SKDEKIQII8LDFXIWZYYK8555DT","3D7SO00DFLP8113XEKAE363T1IOVC0","Connotation of a Header","Select the connotation of the header","text, classification, intent","$0.02","Fri Apr 23 22:59:37 PDT 2021","3","BatchId:4419456;OriginalHitTemplateId:929448123;","86400","259200","Sun Apr 25 22:59:37 PDT 2021","","","3P4RDNWND579J2EEMFS3GPTPSP1IJ3","A2VO8C41JJIQY9","Submitted","Fri Apr 23 23:00:31 PDT 2021","Fri Apr 23 23:01:42 PDT 2021","Mon Apr 26 23:01:42 PDT 2021","","","","71","0% (0/0)","0% (0/0)","0% (0/0)","Undergrad Council Requires Political Parties To Register","Neutral"
"3J94SKDEKIQII8LDFXIWZYYK8555DT","3D7SO00DFLP8113XEKAE363T1IOVC0","Connotation of a Header","Select the connotation of the header","text, classification, intent","$0.02","Fri Apr 23 22:59:37 PDT 2021","3","BatchId:4419456;OriginalHitTemplateId:929448123;","86400","259200","Sun Apr 25 22:59:37 PDT 2021","","","3TMSXRD2X61KPGIFL7QCDG6BDJZW1K","AVASQBFN6J692","Submitted","Fri Apr 23 23:07:13 PDT 2021","Fri Apr 23 23:07:19 PDT 2021","Mon Apr 26 23:07:19 PDT 2021","","","","6","0% (0/0)","0% (0/0)","0% (0/0)","Undergrad Council Requires Political Parties To Register","Neutral"
"3J94SKDEKIQII8LDFXIWZYYK8555DT","3D7SO00DFLP8113XEKAE363T1IOVC0","Connotation of a Header","Select the connotation of the header","text, classification, intent","$0.02","Fri Apr 23 22:59:37 PDT 2021","3","BatchId:4419456;OriginalHitTemplateId:929448123;","86400","259200","Sun Apr 25 22:59:37 PDT 2021","","","3U8YCDAGXPHFYU1BDFN67M5FKQD0QI","A14OPFM8OFA4WF","Submitted","Fri Apr 23 23:07:32 PDT 2021","Fri Apr 23 23:18:29 PDT 2021","Mon Apr 26 23:18:29 PDT 2021","","","","657","0% (0/0)","0% (0/0)","0% (0/0)","Undergrad Council Requires Political Parties To Register","Positive"
"3W5PY7V3UP8TNIVP0V94DTRQ8U5YJF","3D7SO00DFLP8113XEKAE363T1IOVC0","Connotation of a Header","Select the connotation of the header","text, classification, intent","$0.02","Fri Apr 23 22:59:38 PDT 2021","3","BatchId:4419456;OriginalHitTemplateId:929448123;","86400","259200","Sun Apr 25 22:59:38 PDT 2021","","","33TIN5LC04B63QGA4LNTDJ9AM3NY9U","A12HSEVJPQODFW","Submitted","Fri Apr 23 23:02:52 PDT 2021","Fri Apr 23 23:03:04 PDT 2021","Mon Apr 26 23:03:04 PDT 2021","","","","12","0% (0/0)","0% (0/0)","0% (0/0)","Young Democrats To Hold Meeting Protesting HU AC","Neutral"
"3W5PY7V3UP8TNIVP0V94DTRQ8U5YJF","3D7SO00DFLP8113XEKAE363T1IOVC0","Connotation of a Header","Select the connotation of the header","text, classification, intent","$0.02","Fri Apr 23 22:59:38 PDT 2021","3","BatchId:4419456;OriginalHitTemplateId:929448123;","86400","259200","Sun Apr 25 22:59:38 PDT 2021","","","36U2A8VAG10QKMZ18IEI3SNQXXZKYA","A2VO8C41JJIQY9","Submitted","Fri Apr 23 23:01:42 PDT 2021","Fri Apr 23 23:06:00 PDT 2021","Mon Apr 26 23:06:00 PDT 2021","","","","258","0% (0/0)","0% (0/0)","0% (0/0)","Young Democrats To Hold Meeting Protesting HU AC","Positive"
"3W5PY7V3UP8TNIVP0V94DTRQ8U5YJF","3D7SO00DFLP8113XEKAE363T1IOVC0","Connotation of a Header","Select the connotation of the header","text, classification, intent","$0.02","Fri Apr 23 22:59:38 PDT 2021","3","BatchId:4419456;OriginalHitTemplateId:929448123;","86400","259200","Sun Apr 25 22:59:38 PDT 2021","","","3WETL7AQWT9MM0HACAHMB98VR6A353","A14OPFM8OFA4WF","Submitted","Fri Apr 23 23:05:39 PDT 2021","Fri Apr 23 23:05:46 PDT 2021","Mon Apr 26 23:05:46 PDT 2021","","","","7","0% (0/0)","0% (0/0)","0% (0/0)","Young Democrats To Hold Meeting Protesting HU AC","Neutral"
"3AA88CN98P4OY217IG9GE8R3NJ5YKE","3D7SO00DFLP8113XEKAE363T1IOVC0","Connotation of a Header","Select the connotation of the header","text, classification, intent","$0.02","Fri Apr 23 22:59:38 PDT 2021","3","BatchId:4419456;OriginalHitTemplateId:929448123;","86400","259200","Sun Apr 25 22:59:38 PDT 2021","","","3DR23U6WE5FRH08X2QGGXGI6YYMETW","A2VO8C41JJIQY9","Submitted","Fri Apr 23 23:12:19 PDT 2021","Fri Apr 23 23:12:26 PDT 2021","Mon Apr 26 23:12:26 PDT 2021","","","","7","0% (0/0)","0% (0/0)","0% (0/0)","Newsletter Claims Agency Checks Controversial Profs.","Neutral"
"3AA88CN98P4OY217IG9GE8R3NJ5YKE","3D7SO00DFLP8113XEKAE363T1IOVC0","Connotation of a Header","Select the connotation of the header","text, classification, intent","$0.02","Fri Apr 23 22:59:38 PDT 2021","3","BatchId:4419456;OriginalHitTemplateId:929448123;","86400","259200","Sun Apr 25 22:59:38 PDT 2021","","","3LKC68YZ3A45L8PGR9ONPCJJ6U9OWZ","A14OPFM8OFA4WF","Submitted","Fri Apr 23 23:07:42 PDT 2021","Fri Apr 23 23:20:14 PDT 2021","Mon Apr 26 23:20:14 PDT 2021","","","","752","0% (0/0)","0% (0/0)","0% (0/0)","Newsletter Claims Agency Checks Controversial Profs.","Negative"
"3AA88CN98P4OY217IG9GE8R3NJ5YKE","3D7SO00DFLP8113XEKAE363T1IOVC0","Connotation of a Header","Select the connotation of the header","text, classification, intent","$0.02","Fri Apr 23 22:59:38 PDT 2021","3","BatchId:4419456;OriginalHitTemplateId:929448123;","86400","259200","Sun Apr 25 22:59:38 PDT 2021","","","3R5F3LQFV2L9F3UL2W8UOGD1NWDOZP","AVASQBFN6J692","Submitted","Fri Apr 23 23:08:08 PDT 2021","Fri Apr 23 23:08:15 PDT 2021","Mon Apr 26 23:08:15 PDT 2021","","","","7","0% (0/0)","0% (0/0)","0% (0/0)","Newsletter Claims Agency Checks Controversial Profs.","Neutral"
"38RHULDV9YGT32GJ3C6GGVRAK7GWI2","3D7SO00DFLP8113XEKAE363T1IOVC0","Connotation of a Header","Select the connotation of the header","text, classification, intent","$0.02","Fri Apr 23 22:59:38 PDT 2021","3","BatchId:4419456;OriginalHitTemplateId:929448123;","86400","259200","Sun Apr 25 22:59:38 PDT 2021","","","35GMH2SV3EIB483P69UH36CJZQ4OEJ","A14OPFM8OFA4WF","Submitted","Fri Apr 23 23:06:18 PDT 2021","Fri Apr 23 23:06:30 PDT 2021","Mon Apr 26 23:06:30 PDT 2021","","","","12","0% (0/0)","0% (0/0)","0% (0/0)","Can Spring Be Far Behind?","Neutral"
"38RHULDV9YGT32GJ3C6GGVRAK7GWI2","3D7SO00DFLP8113XEKAE363T1IOVC0","Connotation of a Header","Select the connotation of the header","text, classification, intent","$0.02","Fri Apr 23 22:59:38 PDT 2021","3","BatchId:4419456;OriginalHitTemplateId:929448123;","86400","259200","Sun Apr 25 22:59:38 PDT 2021","","","3QL2OFSM96JEPPJZ93O9YTCBO4MNCA","A2VO8C41JJIQY9","Submitted","Fri Apr 23 23:01:05 PDT 2021","Fri Apr 23 23:05:27 PDT 2021","Mon Apr 26 23:05:27 PDT 2021","","","","262","0% (0/0)","0% (0/0)","0% (0/0)","Can Spring Be Far Behind?","Neutral"
"38RHULDV9YGT32GJ3C6GGVRAK7GWI2","3D7SO00DFLP8113XEKAE363T1IOVC0","Connotation of a Header","Select the connotation of the header","text, classification, intent","$0.02","Fri Apr 23 22:59:38 PDT 2021","3","BatchId:4419456;OriginalHitTemplateId:929448123;","86400","259200","Sun Apr 25 22:59:38 PDT 2021","","","3X87C8JFV6CFZ3LNMH6QHSBYFIVQSU","AVASQBFN6J692","Submitted","Fri Apr 23 23:02:53 PDT 2021","Fri Apr 23 23:03:00 PDT 2021","Mon Apr 26 23:03:00 PDT 2021","","","","7","0% (0/0)","0% (0/0)","0% (0/0)","Can Spring Be Far Behind?","Neutral"
"34R0BODSP10NAEZDBSTG5GG58H65EM","3D7SO00DFLP8113XEKAE363T1IOVC0","Connotation of a Header","Select the connotation of the header","text, classification, intent","$0.02","Fri Apr 23 22:59:38 PDT 2021","3","BatchId:4419456;OriginalHitTemplateId:929448123;","86400","259200","Sun Apr 25 22:59:38 PDT 2021","","","317HQ483I7T52S5Z1DKV9WA6196IN7","A2VO8C41JJIQY9","Submitted","Fri Apr 23 23:00:55 PDT 2021","Fri Apr 23 23:04:52 PDT 2021","Mon Apr 26 23:04:52 PDT 2021","","","","237","0% (0/0)","0% (0/0)","0% (0/0)","Science Editor Retracts Foreign Policy Analysis Admits Article On Forward Strategy Contained Erroneous Interpretations","Negative"
"34R0BODSP10NAEZDBSTG5GG58H65EM","3D7SO00DFLP8113XEKAE363T1IOVC0","Connotation of a Header","Select the connotation of the header","text, classification, intent","$0.02","Fri Apr 23 22:59:38 PDT 2021","3","BatchId:4419456;OriginalHitTemplateId:929448123;","86400","259200","Sun Apr 25 22:59:38 PDT 2021","","","35BLDD71I6Y45N3I38U8J879JPAVZY","AVASQBFN6J692","Submitted","Fri Apr 23 23:06:45 PDT 2021","Fri Apr 23 23:06:51 PDT 2021","Mon Apr 26 23:06:51 PDT 2021","","","","6","0% (0/0)","0% (0/0)","0% (0/0)","Science Editor Retracts Foreign Policy Analysis Admits Article On Forward Strategy Contained Erroneous Interpretations","Negative"
"34R0BODSP10NAEZDBSTG5GG58H65EM","3D7SO00DFLP8113XEKAE363T1IOVC0","Connotation of a Header","Select the connotation of the header","text, classification, intent","$0.02","Fri Apr 23 22:59:38 PDT 2021","3","BatchId:4419456;OriginalHitTemplateId:929448123;","86400","259200","Sun Apr 25 22:59:38 PDT 2021","","","3OS4RQUCR9GJRSECXF91F4XK4S1BFL","A14OPFM8OFA4WF","Submitted","Fri Apr 23 23:08:45 PDT 2021","Fri Apr 23 23:08:51 PDT 2021","Mon Apr 26 23:08:51 PDT 2021","","","","6","0% (0/0)","0% (0/0)","0% (0/0)","Science Editor Retracts Foreign Policy Analysis Admits Article On Forward Strategy Contained Erroneous Interpretations","Negative"
"3MJ28H2Y1E99M5C256WCASAJCJBO58","3D7SO00DFLP8113XEKAE363T1IOVC0","Connotation of a Header","Select the connotation of the header","text, classification, intent","$0.02","Fri Apr 23 22:59:38 PDT 2021","3","BatchId:4419456;OriginalHitTemplateId:929448123;","86400","259200","Sun Apr 25 22:59:38 PDT 2021","","","3UJ1CZ6IZHQQ6H2P2PINJHG7JM95SX","A2VO8C41JJIQY9","Submitted","Fri Apr 23 23:06:53 PDT 2021","Fri Apr 23 23:07:43 PDT 2021","Mon Apr 26 23:07:43 PDT 2021","","","","50","0% (0/0)","0% (0/0)","0% (0/0)","Granahan Loses Congress Seat In Re-Districting","Negative"
"3MJ28H2Y1E99M5C256WCASAJCJBO58","3D7SO00DFLP8113XEKAE363T1IOVC0","Connotation of a Header","Select the connotation of the header","text, classification, intent","$0.02","Fri Apr 23 22:59:38 PDT 2021","3","BatchId:4419456;OriginalHitTemplateId:929448123;","86400","259200","Sun Apr 25 22:59:38 PDT 2021","","","3X1FV8S5JXS4E68DDG6JY1R38ZGVG9","AVASQBFN6J692","Submitted","Fri Apr 23 23:03:51 PDT 2021","Fri Apr 23 23:03:59 PDT 2021","Mon Apr 26 23:03:59 PDT 2021","","","","8","0% (0/0)","0% (0/0)","0% (0/0)","Granahan Loses Congress Seat In Re-Districting","Negative"
"3MJ28H2Y1E99M5C256WCASAJCJBO58","3D7SO00DFLP8113XEKAE363T1IOVC0","Connotation of a Header","Select the connotation of the header","text, classification, intent","$0.02","Fri Apr 23 22:59:38 PDT 2021","3","BatchId:4419456;OriginalHitTemplateId:929448123;","86400","259200","Sun Apr 25 22:59:38 PDT 2021","","","3Z3ZLGNNSIVBFM08W25P9K3MN2X3QG","A14OPFM8OFA4WF","Submitted","Fri Apr 23 23:08:38 PDT 2021","Fri Apr 23 23:08:45 PDT 2021","Mon Apr 26 23:08:45 PDT 2021","","","","7","0% (0/0)","0% (0/0)","0% (0/0)","Granahan Loses Congress Seat In Re-Districting","Negative"
"3EKTG13IZU4ZORUBKDX6ZDHB39WLME","3D7SO00DFLP8113XEKAE363T1IOVC0","Connotation of a Header","Select the connotation of the header","text, classification, intent","$0.02","Fri Apr 23 22:59:38 PDT 2021","3","BatchId:4419456;OriginalHitTemplateId:929448123;","86400","259200","Sun Apr 25 22:59:38 PDT 2021","","","37Z929RLG99SRJDF3L0LMXMLZPUSTA","A2VO8C41JJIQY9","Submitted","Fri Apr 23 23:00:53 PDT 2021","Fri Apr 23 23:04:44 PDT 2021","Mon Apr 26 23:04:44 PDT 2021","","","","231","0% (0/0)","0% (0/0)","0% (0/0)","I-F Council Threatens To Boycott Yearbook","Negative"
"3EKTG13IZU4ZORUBKDX6ZDHB39WLME","3D7SO00DFLP8113XEKAE363T1IOVC0","Connotation of a Header","Select the connotation of the header","text, classification, intent","$0.02","Fri Apr 23 22:59:38 PDT 2021","3","BatchId:4419456;OriginalHitTemplateId:929448123;","86400","259200","Sun Apr 25 22:59:38 PDT 2021","","","3AZHRG4CU4LNRTV9F4BAUEC4AYZ30I","AVASQBFN6J692","Submitted","Fri Apr 23 23:04:54 PDT 2021","Fri Apr 23 23:04:59 PDT 2021","Mon Apr 26 23:04:59 PDT 2021","","","","5","0% (0/0)","0% (0/0)","0% (0/0)","I-F Council Threatens To Boycott Yearbook","Negative"
"3EKTG13IZU4ZORUBKDX6ZDHB39WLME","3D7SO00DFLP8113XEKAE363T1IOVC0","Connotation of a Header","Select the connotation of the header","text, classification, intent","$0.02","Fri Apr 23 22:59:38 PDT 2021","3","BatchId:4419456;OriginalHitTemplateId:929448123;","86400","259200","Sun Apr 25 22:59:38 PDT 2021","","","3NKQQ8O39Y61P79M60V6WUMNH0RDUS","A12HSEVJPQODFW","Submitted","Fri Apr 23 23:03:35 PDT 2021","Fri Apr 23 23:03:45 PDT 2021","Mon Apr 26 23:03:45 PDT 2021","","","","10","0% (0/0)","0% (0/0)","0% (0/0)","I-F Council Threatens To Boycott Yearbook","Neutral"
"3566S7OX5DK3DHJKNXDYWGB7AEX17E","3D7SO00DFLP8113XEKAE363T1IOVC0","Connotation of a Header","Select the connotation of the header","text, classification, intent","$0.02","Fri Apr 23 22:59:38 PDT 2021","3","BatchId:4419456;OriginalHitTemplateId:929448123;","86400","259200","Sun Apr 25 22:59:38 PDT 2021","","","34FNN24DCMAN23EY1VAC13480755YB","AVASQBFN6J692","Submitted","Fri Apr 23 23:07:20 PDT 2021","Fri Apr 23 23:07:27 PDT 2021","Mon Apr 26 23:07:27 PDT 2021","","","","7","0% (0/0)","0% (0/0)","0% (0/0)","C.A. Forum Finds Married Life Hurl By Premarital Sex","Negative"
"3566S7OX5DK3DHJKNXDYWGB7AEX17E","3D7SO00DFLP8113XEKAE363T1IOVC0","Connotation of a Header","Select the connotation of the header","text, classification, intent","$0.02","Fri Apr 23 22:59:38 PDT 2021","3","BatchId:4419456;OriginalHitTemplateId:929448123;","86400","259200","Sun Apr 25 22:59:38 PDT 2021","","","34J10VATJFZQ5PIRH5CCDQ5B6KTQI2","A2VO8C41JJIQY9","Submitted","Fri Apr 23 23:02:10 PDT 2021","Fri Apr 23 23:06:18 PDT 2021","Mon Apr 26 23:06:18 PDT 2021","","","","248","0% (0/0)","0% (0/0)","0% (0/0)","C.A. Forum Finds Married Life Hurl By Premarital Sex","Neutral"
"3566S7OX5DK3DHJKNXDYWGB7AEX17E","3D7SO00DFLP8113XEKAE363T1IOVC0","Connotation of a Header","Select the connotation of the header","text, classification, intent","$0.02","Fri Apr 23 22:59:38 PDT 2021","3","BatchId:4419456;OriginalHitTemplateId:929448123;","86400","259200","Sun Apr 25 22:59:38 PDT 2021","","","3VP0C6EFSGXJRQPYNBW6ZEV1NS1M6H","A14OPFM8OFA4WF","Submitted","Fri Apr 23 23:07:00 PDT 2021","Fri Apr 23 23:10:11 PDT 2021","Mon Apr 26 23:10:11 PDT 2021","","","","191","0% (0/0)","0% (0/0)","0% (0/0)","C.A. Forum Finds Married Life Hurl By Premarital Sex","Neutral"
"3MA5N0ATTCCK9X673FRSTB6NCB5WKD","3D7SO00DFLP8113XEKAE363T1IOVC0","Connotation of a Header","Select the connotation of the header","text, classification, intent","$0.02","Fri Apr 23 22:59:38 PDT 2021","3","BatchId:4419456;OriginalHitTemplateId:929448123;","86400","259200","Sun Apr 25 22:59:38 PDT 2021","","","32XVDSJFPZYV9P6X09K391EP7NZM20","AVASQBFN6J692","Submitted","Fri Apr 23 23:06:51 PDT 2021","Fri Apr 23 23:06:57 PDT 2021","Mon Apr 26 23:06:57 PDT 2021","","","","6","0% (0/0)","0% (0/0)","0% (0/0)","Four Japanese Students Discuss Development Of Peace Movements","Neutral"
"3MA5N0ATTCCK9X673FRSTB6NCB5WKD","3D7SO00DFLP8113XEKAE363T1IOVC0","Connotation of a Header","Select the connotation of the header","text, classification, intent","$0.02","Fri Apr 23 22:59:38 PDT 2021","3","BatchId:4419456;OriginalHitTemplateId:929448123;","86400","259200","Sun Apr 25 22:59:38 PDT 2021","","","3UN61F00HWQE522CN0IIT7BBXKQ5R9","A14OPFM8OFA4WF","Submitted","Fri Apr 23 23:06:47 PDT 2021","Fri Apr 23 23:06:52 PDT 2021","Mon Apr 26 23:06:52 PDT 2021","","","","5","0% (0/0)","0% (0/0)","0% (0/0)","Four Japanese Students Discuss Development Of Peace Movements","Positive"
"3MA5N0ATTCCK9X673FRSTB6NCB5WKD","3D7SO00DFLP8113XEKAE363T1IOVC0","Connotation of a Header","Select the connotation of the header","text, classification, intent","$0.02","Fri Apr 23 22:59:38 PDT 2021","3","BatchId:4419456;OriginalHitTemplateId:929448123;","86400","259200","Sun Apr 25 22:59:38 PDT 2021","","","3X0H8UUIT1PKJ0H9YQ5W9HTK3JCSW0","A2VO8C41JJIQY9","Submitted","Fri Apr 23 23:01:03 PDT 2021","Fri Apr 23 23:05:21 PDT 2021","Mon Apr 26 23:05:21 PDT 2021","","","","258","0% (0/0)","0% (0/0)","0% (0/0)","Four Japanese Students Discuss Development Of Peace Movements","Positive"
"3BJKPTD2QCDE4KF8YUVE73L239HTRD","3D7SO00DFLP8113XEKAE363T1IOVC0","Connotation of a Header","Select the connotation of the header","text, classification, intent","$0.02","Fri Apr 23 22:59:38 PDT 2021","3","BatchId:4419456;OriginalHitTemplateId:929448123;","86400","259200","Sun Apr 25 22:59:38 PDT 2021","","","30LSNF239UW9D6G6FUMBH878QEG2I1","A2M4O8KQW0H7HV","Submitted","Fri Apr 23 23:14:44 PDT 2021","Fri Apr 23 23:15:07 PDT 2021","Mon Apr 26 23:15:07 PDT 2021","","","","23","0% (0/0)","0% (0/0)","0% (0/0)","Hockey Club Or The Problem Of Coach Cleveland","Neutral"
"3BJKPTD2QCDE4KF8YUVE73L239HTRD","3D7SO00DFLP8113XEKAE363T1IOVC0","Connotation of a Header","Select the connotation of the header","text, classification, intent","$0.02","Fri Apr 23 22:59:38 PDT 2021","3","BatchId:4419456;OriginalHitTemplateId:929448123;","86400","259200","Sun Apr 25 22:59:38 PDT 2021","","","3BC8WZX3V3X3AP0AK7VLW8G7P2ERR8","AVASQBFN6J692","Submitted","Fri Apr 23 23:07:58 PDT 2021","Fri Apr 23 23:08:08 PDT 2021","Mon Apr 26 23:08:08 PDT 2021","","","","10","0% (0/0)","0% (0/0)","0% (0/0)","Hockey Club Or The Problem Of Coach Cleveland","Negative"
"3BJKPTD2QCDE4KF8YUVE73L239HTRD","3D7SO00DFLP8113XEKAE363T1IOVC0","Connotation of a Header","Select the connotation of the header","text, classification, intent","$0.02","Fri Apr 23 22:59:38 PDT 2021","3","BatchId:4419456;OriginalHitTemplateId:929448123;","86400","259200","Sun Apr 25 22:59:38 PDT 2021","","","3GDTJDAPVUC6V48MGQT4JSRSTNS8MQ","A14OPFM8OFA4WF","Submitted","Fri Apr 23 23:07:35 PDT 2021","Fri Apr 23 23:18:46 PDT 2021","Mon Apr 26 23:18:46 PDT 2021","","","","671","0% (0/0)","0% (0/0)","0% (0/0)","Hockey Club Or The Problem Of Coach Cleveland","Negative"
"3P6ENY9P79XB6CLU8DKGFSHN5J3IHO","3D7SO00DFLP8113XEKAE363T1IOVC0","Connotation of a Header","Select the connotation of the header","text, classification, intent","$0.02","Fri Apr 23 22:59:38 PDT 2021","3","BatchId:4419456;OriginalHitTemplateId:929448123;","86400","259200","Sun Apr 25 22:59:38 PDT 2021","","","3B4YI393V9XRCJ00ELVVCSQZX6GSSL","A2VO8C41JJIQY9","Submitted","Fri Apr 23 23:00:42 PDT 2021","Fri Apr 23 23:03:46 PDT 2021","Mon Apr 26 23:03:46 PDT 2021","","","","184","0% (0/0)","0% (0/0)","0% (0/0)","Two Penn Squads Compete Overseas","Positive"
"3P6ENY9P79XB6CLU8DKGFSHN5J3IHO","3D7SO00DFLP8113XEKAE363T1IOVC0","Connotation of a Header","Select the connotation of the header","text, classification, intent","$0.02","Fri Apr 23 22:59:38 PDT 2021","3","BatchId:4419456;OriginalHitTemplateId:929448123;","86400","259200","Sun Apr 25 22:59:38 PDT 2021","","","3TMFV4NEP8F20G20KSZRSQTJRP68WH","A14OPFM8OFA4WF","Submitted","Fri Apr 23 23:08:17 PDT 2021","Fri Apr 23 23:08:38 PDT 2021","Mon Apr 26 23:08:38 PDT 2021","","","","21","0% (0/0)","0% (0/0)","0% (0/0)","Two Penn Squads Compete Overseas","Positive"
"3P6ENY9P79XB6CLU8DKGFSHN5J3IHO","3D7SO00DFLP8113XEKAE363T1IOVC0","Connotation of a Header","Select the connotation of the header","text, classification, intent","$0.02","Fri Apr 23 22:59:38 PDT 2021","3","BatchId:4419456;OriginalHitTemplateId:929448123;","86400","259200","Sun Apr 25 22:59:38 PDT 2021","","","3VSOLARPKBA5NNJMF0U3NPDXD2T39U","AVASQBFN6J692","Submitted","Fri Apr 23 23:06:16 PDT 2021","Fri Apr 23 23:06:22 PDT 2021","Mon Apr 26 23:06:22 PDT 2021","","","","6","0% (0/0)","0% (0/0)","0% (0/0)","Two Penn Squads Compete Overseas","Neutral"
"3SD15I2WD2VGJKJURRMPEVQ8DNR369","3D7SO00DFLP8113XEKAE363T1IOVC0","Connotation of a Header","Select the connotation of the header","text, classification, intent","$0.02","Fri Apr 23 22:59:38 PDT 2021","3","BatchId:4419456;OriginalHitTemplateId:929448123;","86400","259200","Sun Apr 25 22:59:38 PDT 2021","","","3D8YOU6S9EL24YU7WDNSQOCV0E56UU","A3J5PR4E2PM8PW","Submitted","Fri Apr 23 23:11:25 PDT 2021","Fri Apr 23 23:14:48 PDT 2021","Mon Apr 26 23:14:48 PDT 2021","","","","203","0% (0/0)","0% (0/0)","0% (0/0)","Fairleigh Dickinson Suspends Lecture By Communist Hall","Positive"
"3SD15I2WD2VGJKJURRMPEVQ8DNR369","3D7SO00DFLP8113XEKAE363T1IOVC0","Connotation of a Header","Select the connotation of the header","text, classification, intent","$0.02","Fri Apr 23 22:59:38 PDT 2021","3","BatchId:4419456;OriginalHitTemplateId:929448123;","86400","259200","Sun Apr 25 22:59:38 PDT 2021","","","3JRJSWSMQHMMIJA3NBAPF3E84Z93E4","A2VO8C41JJIQY9","Submitted","Fri Apr 23 23:06:52 PDT 2021","Fri Apr 23 23:07:37 PDT 2021","Mon Apr 26 23:07:37 PDT 2021","","","","45","0% (0/0)","0% (0/0)","0% (0/0)","Fairleigh Dickinson Suspends Lecture By Communist Hall","Negative"
"3SD15I2WD2VGJKJURRMPEVQ8DNR369","3D7SO00DFLP8113XEKAE363T1IOVC0","Connotation of a Header","Select the connotation of the header","text, classification, intent","$0.02","Fri Apr 23 22:59:38 PDT 2021","3","BatchId:4419456;OriginalHitTemplateId:929448123;","86400","259200","Sun Apr 25 22:59:38 PDT 2021","","","3OXV7EAXLERI54HOHTRR3FMVN1L63M","AVASQBFN6J692","Submitted","Fri Apr 23 23:07:34 PDT 2021","Fri Apr 23 23:07:41 PDT 2021","Mon Apr 26 23:07:41 PDT 2021","","","","7","0% (0/0)","0% (0/0)","0% (0/0)","Fairleigh Dickinson Suspends Lecture By Communist Hall","Negative"
"3OPLMF3EU5O569FBWEC6CS6B8Z6LNE","3D7SO00DFLP8113XEKAE363T1IOVC0","Connotation of a Header","Select the connotation of the header","text, classification, intent","$0.02","Fri Apr 23 22:59:38 PDT 2021","3","BatchId:4419456;OriginalHitTemplateId:929448123;","86400","259200","Sun Apr 25 22:59:38 PDT 2021","","","337RC3OW053K0YMEO73ZBTWB4G2VLF","AVASQBFN6J692","Submitted","Fri Apr 23 23:04:31 PDT 2021","Fri Apr 23 23:04:38 PDT 2021","Mon Apr 26 23:04:38 PDT 2021","","","","7","0% (0/0)","0% (0/0)","0% (0/0)","News Analyst Advocates U.S. Invade Cuba","Negative"
"3OPLMF3EU5O569FBWEC6CS6B8Z6LNE","3D7SO00DFLP8113XEKAE363T1IOVC0","Connotation of a Header","Select the connotation of the header","text, classification, intent","$0.02","Fri Apr 23 22:59:38 PDT 2021","3","BatchId:4419456;OriginalHitTemplateId:929448123;","86400","259200","Sun Apr 25 22:59:38 PDT 2021","","","34YB12FSQYPLOJE4ZO5SB58QH64GMD","A14OPFM8OFA4WF","Submitted","Fri Apr 23 23:06:12 PDT 2021","Fri Apr 23 23:06:17 PDT 2021","Mon Apr 26 23:06:17 PDT 2021","","","","5","0% (0/0)","0% (0/0)","0% (0/0)","News Analyst Advocates U.S. Invade Cuba","Negative"
"3OPLMF3EU5O569FBWEC6CS6B8Z6LNE","3D7SO00DFLP8113XEKAE363T1IOVC0","Connotation of a Header","Select the connotation of the header","text, classification, intent","$0.02","Fri Apr 23 22:59:38 PDT 2021","3","BatchId:4419456;OriginalHitTemplateId:929448123;","86400","259200","Sun Apr 25 22:59:38 PDT 2021","","","3X87C8JFV6CFZ3LNMH6QHSBYFIVSQW","A2VO8C41JJIQY9","Submitted","Fri Apr 23 23:00:38 PDT 2021","Fri Apr 23 23:03:31 PDT 2021","Mon Apr 26 23:03:31 PDT 2021","","","","173","0% (0/0)","0% (0/0)","0% (0/0)","News Analyst Advocates U.S. Invade Cuba","Negative"
"3MNJFORX8B5FGSZ963DMNY15KIL5F4","3D7SO00DFLP8113XEKAE363T1IOVC0","Connotation of a Header","Select the connotation of the header","text, classification, intent","$0.02","Fri Apr 23 22:59:38 PDT 2021","3","BatchId:4419456;OriginalHitTemplateId:929448123;","86400","259200","Sun Apr 25 22:59:38 PDT 2021","","","384PI804XS2RBAGO5JCB2MKG2EY0S7","A14OPFM8OFA4WF","Submitted","Fri Apr 23 23:07:39 PDT 2021","Fri Apr 23 23:19:40 PDT 2021","Mon Apr 26 23:19:40 PDT 2021","","","","721","0% (0/0)","0% (0/0)","0% (0/0)","Fraternity Bids Show Decline; 500 Take Pins","Neutral"
"3MNJFORX8B5FGSZ963DMNY15KIL5F4","3D7SO00DFLP8113XEKAE363T1IOVC0","Connotation of a Header","Select the connotation of the header","text, classification, intent","$0.02","Fri Apr 23 22:59:38 PDT 2021","3","BatchId:4419456;OriginalHitTemplateId:929448123;","86400","259200","Sun Apr 25 22:59:38 PDT 2021","","","3K5TEWLKGVCIAXE8346MJD4JNC8VI1","AVASQBFN6J692","Submitted","Fri Apr 23 23:03:59 PDT 2021","Fri Apr 23 23:04:07 PDT 2021","Mon Apr 26 23:04:07 PDT 2021","","","","8","0% (0/0)","0% (0/0)","0% (0/0)","Fraternity Bids Show Decline; 500 Take Pins","Negative"
"3MNJFORX8B5FGSZ963DMNY15KIL5F4","3D7SO00DFLP8113XEKAE363T1IOVC0","Connotation of a Header","Select the connotation of the header","text, classification, intent","$0.02","Fri Apr 23 22:59:38 PDT 2021","3","BatchId:4419456;OriginalHitTemplateId:929448123;","86400","259200","Sun Apr 25 22:59:38 PDT 2021","","","3O6CYIULED20YD9DNV0WOIB8OGXWUK","A2VO8C41JJIQY9","Submitted","Fri Apr 23 23:11:58 PDT 2021","Fri Apr 23 23:12:03 PDT 2021","Mon Apr 26 23:12:03 PDT 2021","","","","5","0% (0/0)","0% (0/0)","0% (0/0)","Fraternity Bids Show Decline; 500 Take Pins","Negative"
"3T6SSHJUZFBB27WEEV21F4I25WIIIH","3D7SO00DFLP8113XEKAE363T1IOVC0","Connotation of a Header","Select the connotation of the header","text, classification, intent","$0.02","Fri Apr 23 22:59:39 PDT 2021","3","BatchId:4419456;OriginalHitTemplateId:929448123;","86400","259200","Sun Apr 25 22:59:39 PDT 2021","","","3OE22WJIGIPVEGDRBM1QWTTM0FGQUA","A12HSEVJPQODFW","Submitted","Fri Apr 23 23:03:19 PDT 2021","Fri Apr 23 23:03:35 PDT 2021","Mon Apr 26 23:03:35 PDT 2021","","","","16","0% (0/0)","0% (0/0)","0% (0/0)","Old Lea Library Stacks Unused; 18 Thousand Square Feet Vacant","Positive"
"3T6SSHJUZFBB27WEEV21F4I25WIIIH","3D7SO00DFLP8113XEKAE363T1IOVC0","Connotation of a Header","Select the connotation of the header","text, classification, intent","$0.02","Fri Apr 23 22:59:39 PDT 2021","3","BatchId:4419456;OriginalHitTemplateId:929448123;","86400","259200","Sun Apr 25 22:59:39 PDT 2021","","","3S3AMIZX3U653DSMK9A62O0HA0KDCI","A2VO8C41JJIQY9","Submitted","Fri Apr 23 23:00:57 PDT 2021","Fri Apr 23 23:05:02 PDT 2021","Mon Apr 26 23:05:02 PDT 2021","","","","245","0% (0/0)","0% (0/0)","0% (0/0)","Old Lea Library Stacks Unused; 18 Thousand Square Feet Vacant","Negative"
"3T6SSHJUZFBB27WEEV21F4I25WIIIH","3D7SO00DFLP8113XEKAE363T1IOVC0","Connotation of a Header","Select the connotation of the header","text, classification, intent","$0.02","Fri Apr 23 22:59:39 PDT 2021","3","BatchId:4419456;OriginalHitTemplateId:929448123;","86400","259200","Sun Apr 25 22:59:39 PDT 2021","","","3XC1O3LBOSN5N6IPJC3KAB8Q7VMLTP","AVASQBFN6J692","Submitted","Fri Apr 23 23:05:27 PDT 2021","Fri Apr 23 23:05:35 PDT 2021","Mon Apr 26 23:05:35 PDT 2021","","","","8","0% (0/0)","0% (0/0)","0% (0/0)","Old Lea Library Stacks Unused; 18 Thousand Square Feet Vacant","Neutral"
"3I6NF2WGIGXLUSV4HNJ45J1HLXL5G3","3D7SO00DFLP8113XEKAE363T1IOVC0","Connotation of a Header","Select the connotation of the header","text, classification, intent","$0.02","Fri Apr 23 22:59:39 PDT 2021","3","BatchId:4419456;OriginalHitTemplateId:929448123;","86400","259200","Sun Apr 25 22:59:39 PDT 2021","","","39KFRKBFINW9ADKG6A6BA94ZH29OYY","AVASQBFN6J692","Submitted","Fri Apr 23 23:07:50 PDT 2021","Fri Apr 23 23:07:58 PDT 2021","Mon Apr 26 23:07:58 PDT 2021","","","","8","0% (0/0)","0% (0/0)","0% (0/0)","Last Fling? The Short, Happy Life Of Skimmer Weekend","Neutral"
"3I6NF2WGIGXLUSV4HNJ45J1HLXL5G3","3D7SO00DFLP8113XEKAE363T1IOVC0","Connotation of a Header","Select the connotation of the header","text, classification, intent","$0.02","Fri Apr 23 22:59:39 PDT 2021","3","BatchId:4419456;OriginalHitTemplateId:929448123;","86400","259200","Sun Apr 25 22:59:39 PDT 2021","","","3GNA64GUZE5ET1NCALTIOH161YO5Q8","A14OPFM8OFA4WF","Submitted","Fri Apr 23 23:06:30 PDT 2021","Fri Apr 23 23:06:36 PDT 2021","Mon Apr 26 23:06:36 PDT 2021","","","","6","0% (0/0)","0% (0/0)","0% (0/0)","Last Fling? The Short, Happy Life Of Skimmer Weekend","Positive"
"3I6NF2WGIGXLUSV4HNJ45J1HLXL5G3","3D7SO00DFLP8113XEKAE363T1IOVC0","Connotation of a Header","Select the connotation of the header","text, classification, intent","$0.02","Fri Apr 23 22:59:39 PDT 2021","3","BatchId:4419456;OriginalHitTemplateId:929448123;","86400","259200","Sun Apr 25 22:59:39 PDT 2021","","","3IGI0VL647LFYEG2Z8X0TT6SDI5ON8","A2VO8C41JJIQY9","Submitted","Fri Apr 23 23:06:56 PDT 2021","Fri Apr 23 23:08:05 PDT 2021","Mon Apr 26 23:08:05 PDT 2021","","","","69","0% (0/0)","0% (0/0)","0% (0/0)","Last Fling? The Short, Happy Life Of Skimmer Weekend","Positive"
"37SDSEDIN937DVO3X254AG72LY3181","3D7SO00DFLP8113XEKAE363T1IOVC0","Connotation of a Header","Select the connotation of the header","text, classification, intent","$0.02","Fri Apr 23 22:59:39 PDT 2021","3","BatchId:4419456;OriginalHitTemplateId:929448123;","86400","259200","Sun Apr 25 22:59:39 PDT 2021","","","323Q6SJS8IHTI5HYX7JX1F0IZ55FH4","A2VO8C41JJIQY9","Submitted","Fri Apr 23 23:00:32 PDT 2021","Fri Apr 23 23:01:57 PDT 2021","Mon Apr 26 23:01:57 PDT 2021","","","","85","0% (0/0)","0% (0/0)","0% (0/0)","Phillips Fights Party Boss; Promises Clean Government' A.D.A. Head Opposes Tate In Primary; Says Corruption Begins In City Hall Phillips Cites Party Reorganization As Means For Ending Green's Power","Negative"
"37SDSEDIN937DVO3X254AG72LY3181","3D7SO00DFLP8113XEKAE363T1IOVC0","Connotation of a Header","Select the connotation of the header","text, classification, intent","$0.02","Fri Apr 23 22:59:39 PDT 2021","3","BatchId:4419456;OriginalHitTemplateId:929448123;","86400","259200","Sun Apr 25 22:59:39 PDT 2021","","","3TY7ZAOG5FLTNR3G0A39B0T6LKL0KQ","AVASQBFN6J692","Submitted","Fri Apr 23 23:06:58 PDT 2021","Fri Apr 23 23:07:05 PDT 2021","Mon Apr 26 23:07:05 PDT 2021","","","","7","0% (0/0)","0% (0/0)","0% (0/0)","Phillips Fights Party Boss; Promises Clean Government' A.D.A. Head Opposes Tate In Primary; Says Corruption Begins In City Hall Phillips Cites Party Reorganization As Means For Ending Green's Power","Negative"
"37SDSEDIN937DVO3X254AG72LY3181","3D7SO00DFLP8113XEKAE363T1IOVC0","Connotation of a Header","Select the connotation of the header","text, classification, intent","$0.02","Fri Apr 23 22:59:39 PDT 2021","3","BatchId:4419456;OriginalHitTemplateId:929448123;","86400","259200","Sun Apr 25 22:59:39 PDT 2021","","","3X3OR7WPZZ1MPMQ1GESPJFC3TI28LO","A14OPFM8OFA4WF","Submitted","Fri Apr 23 23:07:29 PDT 2021","Fri Apr 23 23:18:05 PDT 2021","Mon Apr 26 23:18:05 PDT 2021","","","","636","0% (0/0)","0% (0/0)","0% (0/0)","Phillips Fights Party Boss; Promises Clean Government' A.D.A. Head Opposes Tate In Primary; Says Corruption Begins In City Hall Phillips Cites Party Reorganization As Means For Ending Green's Power","Positive"
"3BFNCI9LYKRZNKXZA1RHK9Q48YB378","3D7SO00DFLP8113XEKAE363T1IOVC0","Connotation of a Header","Select the connotation of the header","text, classification, intent","$0.02","Fri Apr 23 22:59:39 PDT 2021","3","BatchId:4419456;OriginalHitTemplateId:929448123;","86400","259200","Sun Apr 25 22:59:39 PDT 2021","","","3BF51CHDTVB2L128UP0CY8DET3HH03","A2VO8C41JJIQY9","Submitted","Fri Apr 23 23:12:11 PDT 2021","Fri Apr 23 23:12:19 PDT 2021","Mon Apr 26 23:12:19 PDT 2021","","","","8","0% (0/0)","0% (0/0)","0% (0/0)","NAACP Pres. Cecil Moore Says McDermott Unconcerned About Rights, Praises Tate","Positive"
"3BFNCI9LYKRZNKXZA1RHK9Q48YB378","3D7SO00DFLP8113XEKAE363T1IOVC0","Connotation of a Header","Select the connotation of the header","text, classification, intent","$0.02","Fri Apr 23 22:59:39 PDT 2021","3","BatchId:4419456;OriginalHitTemplateId:929448123;","86400","259200","Sun Apr 25 22:59:39 PDT 2021","","","3G5W44VEU7JQYVE1ECSCWSGMS19GK8","A14OPFM8OFA4WF","Submitted","Fri Apr 23 23:06:06 PDT 2021","Fri Apr 23 23:06:12 PDT 2021","Mon Apr 26 23:06:12 PDT 2021","","","","6","0% (0/0)","0% (0/0)","0% (0/0)","NAACP Pres. Cecil Moore Says McDermott Unconcerned About Rights, Praises Tate","Negative"
"3BFNCI9LYKRZNKXZA1RHK9Q48YB378","3D7SO00DFLP8113XEKAE363T1IOVC0","Connotation of a Header","Select the connotation of the header","text, classification, intent","$0.02","Fri Apr 23 22:59:39 PDT 2021","3","BatchId:4419456;OriginalHitTemplateId:929448123;","86400","259200","Sun Apr 25 22:59:39 PDT 2021","","","3JV9LGBJWTF9OMZGC4K539XVC6JOG0","AVASQBFN6J692","Submitted","Fri Apr 23 23:06:22 PDT 2021","Fri Apr 23 23:06:30 PDT 2021","Mon Apr 26 23:06:30 PDT 2021","","","","8","0% (0/0)","0% (0/0)","0% (0/0)","NAACP Pres. Cecil Moore Says McDermott Unconcerned About Rights, Praises Tate","Positive"
"3ZQX1VYFTD6S9NV4343FMCKAE9CO8A","3D7SO00DFLP8113XEKAE363T1IOVC0","Connotation of a Header","Select the connotation of the header","text, classification, intent","$0.02","Fri Apr 23 22:59:39 PDT 2021","3","BatchId:4419456;OriginalHitTemplateId:929448123;","86400","259200","Sun Apr 25 22:59:39 PDT 2021","","","3R2PKQ87NW9ZKAKZPC5VWHL6WJWIM7","A2VO8C41JJIQY9","Submitted","Fri Apr 23 23:00:52 PDT 2021","Fri Apr 23 23:04:37 PDT 2021","Mon Apr 26 23:04:37 PDT 2021","","","","225","0% (0/0)","0% (0/0)","0% (0/0)","Prof. Decries Co-ed Football As Atavistic","Neutral"
"3ZQX1VYFTD6S9NV4343FMCKAE9CO8A","3D7SO00DFLP8113XEKAE363T1IOVC0","Connotation of a Header","Select the connotation of the header","text, classification, intent","$0.02","Fri Apr 23 22:59:39 PDT 2021","3","BatchId:4419456;OriginalHitTemplateId:929448123;","86400","259200","Sun Apr 25 22:59:39 PDT 2021","","","3RANCT1ZVFI8AAB2S44014YNEFFUB2","A14OPFM8OFA4WF","Submitted","Fri Apr 23 23:08:51 PDT 2021","Fri Apr 23 23:08:57 PDT 2021","Mon Apr 26 23:08:57 PDT 2021","","","","6","0% (0/0)","0% (0/0)","0% (0/0)","Prof. Decries Co-ed Football As Atavistic","Neutral"
"3ZQX1VYFTD6S9NV4343FMCKAE9CO8A","3D7SO00DFLP8113XEKAE363T1IOVC0","Connotation of a Header","Select the connotation of the header","text, classification, intent","$0.02","Fri Apr 23 22:59:39 PDT 2021","3","BatchId:4419456;OriginalHitTemplateId:929448123;","86400","259200","Sun Apr 25 22:59:39 PDT 2021","","","3VNL7UK1XFKJNE8TX10MFY36AZ0TFS","AVASQBFN6J692","Submitted","Fri Apr 23 23:03:35 PDT 2021","Fri Apr 23 23:03:43 PDT 2021","Mon Apr 26 23:03:43 PDT 2021","","","","8","0% (0/0)","0% (0/0)","0% (0/0)","Prof. Decries Co-ed Football As Atavistic","Neutral"
"3TZDZ3Y0JS77R07D2UBIAC2D54L19Q","3D7SO00DFLP8113XEKAE363T1IOVC0","Connotation of a Header","Select the connotation of the header","text, classification, intent","$0.02","Fri Apr 23 22:59:39 PDT 2021","3","BatchId:4419456;OriginalHitTemplateId:929448123;","86400","259200","Sun Apr 25 22:59:39 PDT 2021","","","3483FV8BEEKTKML5DTDMK5H3HNL62B","A14OPFM8OFA4WF","Submitted","Fri Apr 23 23:07:33 PDT 2021","Fri Apr 23 23:18:34 PDT 2021","Mon Apr 26 23:18:34 PDT 2021","","","","661","0% (0/0)","0% (0/0)","0% (0/0)","Yale To Ignore Grades As Standard For Aid","Neutral"
"3TZDZ3Y0JS77R07D2UBIAC2D54L19Q","3D7SO00DFLP8113XEKAE363T1IOVC0","Connotation of a Header","Select the connotation of the header","text, classification, intent","$0.02","Fri Apr 23 22:59:39 PDT 2021","3","BatchId:4419456;OriginalHitTemplateId:929448123;","86400","259200","Sun Apr 25 22:59:39 PDT 2021","","","39JEC7537U2RXUS8BUA08A6OA7OVCZ","A12HSEVJPQODFW","Submitted","Fri Apr 23 23:03:04 PDT 2021","Fri Apr 23 23:03:19 PDT 2021","Mon Apr 26 23:03:19 PDT 2021","","","","15","0% (0/0)","0% (0/0)","0% (0/0)","Yale To Ignore Grades As Standard For Aid","Negative"
"3TZDZ3Y0JS77R07D2UBIAC2D54L19Q","3D7SO00DFLP8113XEKAE363T1IOVC0","Connotation of a Header","Select the connotation of the header","text, classification, intent","$0.02","Fri Apr 23 22:59:39 PDT 2021","3","BatchId:4419456;OriginalHitTemplateId:929448123;","86400","259200","Sun Apr 25 22:59:39 PDT 2021","","","3UN61F00HWQE522CN0IIT7BBXKPR5U","AVASQBFN6J692","Submitted","Fri Apr 23 23:05:00 PDT 2021","Fri Apr 23 23:05:06 PDT 2021","Mon Apr 26 23:05:06 PDT 2021","","","","6","0% (0/0)","0% (0/0)","0% (0/0)","Yale To Ignore Grades As Standard For Aid","Negative"
"3RTFSSG7T87VT3OPOF3T8BJ21BAWLG","3D7SO00DFLP8113XEKAE363T1IOVC0","Connotation of a Header","Select the connotation of the header","text, classification, intent","$0.02","Fri Apr 23 22:59:39 PDT 2021","3","BatchId:4419456;OriginalHitTemplateId:929448123;","86400","259200","Sun Apr 25 22:59:39 PDT 2021","","","3H7Z272LX787VEPI2VU0517TIS1LPK","AVASQBFN6J692","Submitted","Fri Apr 23 23:04:38 PDT 2021","Fri Apr 23 23:04:44 PDT 2021","Mon Apr 26 23:04:44 PDT 2021","","","","6","0% (0/0)","0% (0/0)","0% (0/0)","College Senior Kills Himself","Negative"
"3RTFSSG7T87VT3OPOF3T8BJ21BAWLG","3D7SO00DFLP8113XEKAE363T1IOVC0","Connotation of a Header","Select the connotation of the header","text, classification, intent","$0.02","Fri Apr 23 22:59:39 PDT 2021","3","BatchId:4419456;OriginalHitTemplateId:929448123;","86400","259200","Sun Apr 25 22:59:39 PDT 2021","","","3OUYGIZWR7ZUYI0WD28H7HF5FUR0PR","A14OPFM8OFA4WF","Submitted","Fri Apr 23 23:07:31 PDT 2021","Fri Apr 23 23:18:22 PDT 2021","Mon Apr 26 23:18:22 PDT 2021","","","","651","0% (0/0)","0% (0/0)","0% (0/0)","College Senior Kills Himself","Negative"
"3RTFSSG7T87VT3OPOF3T8BJ21BAWLG","3D7SO00DFLP8113XEKAE363T1IOVC0","Connotation of a Header","Select the connotation of the header","text, classification, intent","$0.02","Fri Apr 23 22:59:39 PDT 2021","3","BatchId:4419456;OriginalHitTemplateId:929448123;","86400","259200","Sun Apr 25 22:59:39 PDT 2021","","","3TPWUS5F8924CJSD14FWUCP2HGQWCA","A2VO8C41JJIQY9","Submitted","Fri Apr 23 23:08:18 PDT 2021","Fri Apr 23 23:08:24 PDT 2021","Mon Apr 26 23:08:24 PDT 2021","","","","6","0% (0/0)","0% (0/0)","0% (0/0)","College Senior Kills Himself","Negative"
"3FTID4TN8LZZI8JP3GLHT84ICJAYLH","3D7SO00DFLP8113XEKAE363T1IOVC0","Connotation of a Header","Select the connotation of the header","text, classification, intent","$0.02","Fri Apr 23 22:59:39 PDT 2021","3","BatchId:4419456;OriginalHitTemplateId:929448123;","86400","259200","Sun Apr 25 22:59:39 PDT 2021","","","3ERMJ6L4DYT2VQ336L1Y5SVXI3LM7G","AVASQBFN6J692","Submitted","Fri Apr 23 23:07:05 PDT 2021","Fri Apr 23 23:07:12 PDT 2021","Mon Apr 26 23:07:12 PDT 2021","","","","7","0% (0/0)","0% (0/0)","0% (0/0)","Five Student Parkers Disciplined; Comm-To Investigate Further; Squad Reorganization Asked","Neutral"
"3FTID4TN8LZZI8JP3GLHT84ICJAYLH","3D7SO00DFLP8113XEKAE363T1IOVC0","Connotation of a Header","Select the connotation of the header","text, classification, intent","$0.02","Fri Apr 23 22:59:39 PDT 2021","3","BatchId:4419456;OriginalHitTemplateId:929448123;","86400","259200","Sun Apr 25 22:59:39 PDT 2021","","","3F6HPJW4JD1RE10B4BQQIZGG5PDW21","A14OPFM8OFA4WF","Submitted","Fri Apr 23 23:07:40 PDT 2021","Fri Apr 23 23:20:01 PDT 2021","Mon Apr 26 23:20:01 PDT 2021","","","","741","0% (0/0)","0% (0/0)","0% (0/0)","Five Student Parkers Disciplined; Comm-To Investigate Further; Squad Reorganization Asked","Negative"
"3FTID4TN8LZZI8JP3GLHT84ICJAYLH","3D7SO00DFLP8113XEKAE363T1IOVC0","Connotation of a Header","Select the connotation of the header","text, classification, intent","$0.02","Fri Apr 23 22:59:39 PDT 2021","3","BatchId:4419456;OriginalHitTemplateId:929448123;","86400","259200","Sun Apr 25 22:59:39 PDT 2021","","","3ZAK8W07I4F7QN8SUO7BHN24NBIU0G","A2VO8C41JJIQY9","Submitted","Fri Apr 23 23:06:54 PDT 2021","Fri Apr 23 23:07:50 PDT 2021","Mon Apr 26 23:07:50 PDT 2021","","","","56","0% (0/0)","0% (0/0)","0% (0/0)","Five Student Parkers Disciplined; Comm-To Investigate Further; Squad Reorganization Asked","Negative"
"3D1UCPY6GGA3NY2IK6JNY9MZJIH38V","3D7SO00DFLP8113XEKAE363T1IOVC0","Connotation of a Header","Select the connotation of the header","text, classification, intent","$0.02","Fri Apr 23 22:59:39 PDT 2021","3","BatchId:4419456;OriginalHitTemplateId:929448123;","86400","259200","Sun Apr 25 22:59:39 PDT 2021","","","340UGXU9DY2NJO98XLV02GSUH7VUV8","A2VO8C41JJIQY9","Submitted","Fri Apr 23 23:00:25 PDT 2021","Fri Apr 23 23:01:05 PDT 2021","Mon Apr 26 23:01:05 PDT 2021","","","","40","0% (0/0)","0% (0/0)","0% (0/0)","Brenton Resigns MSG Post Over Defeat Of Resolution","Negative"
"3D1UCPY6GGA3NY2IK6JNY9MZJIH38V","3D7SO00DFLP8113XEKAE363T1IOVC0","Connotation of a Header","Select the connotation of the header","text, classification, intent","$0.02","Fri Apr 23 22:59:39 PDT 2021","3","BatchId:4419456;OriginalHitTemplateId:929448123;","86400","259200","Sun Apr 25 22:59:39 PDT 2021","","","3KOPY89HM83UTZWV1CLGCJR0974J34","AVASQBFN6J692","Submitted","Fri Apr 23 23:02:24 PDT 2021","Fri Apr 23 23:02:32 PDT 2021","Mon Apr 26 23:02:32 PDT 2021","","","","8","0% (0/0)","0% (0/0)","0% (0/0)","Brenton Resigns MSG Post Over Defeat Of Resolution","Positive"
"3D1UCPY6GGA3NY2IK6JNY9MZJIH38V","3D7SO00DFLP8113XEKAE363T1IOVC0","Connotation of a Header","Select the connotation of the header","text, classification, intent","$0.02","Fri Apr 23 22:59:39 PDT 2021","3","BatchId:4419456;OriginalHitTemplateId:929448123;","86400","259200","Sun Apr 25 22:59:39 PDT 2021","","","3TU5ZICBRD2XGJ6E8J0L01BX3OP8QD","A14OPFM8OFA4WF","Submitted","Fri Apr 23 23:07:39 PDT 2021","Fri Apr 23 23:19:46 PDT 2021","Mon Apr 26 23:19:46 PDT 2021","","","","727","0% (0/0)","0% (0/0)","0% (0/0)","Brenton Resigns MSG Post Over Defeat Of Resolution","Negative"
"3LXX8KJXPWASNSEE8W9TM8FLYFUO9Z","3D7SO00DFLP8113XEKAE363T1IOVC0","Connotation of a Header","Select the connotation of the header","text, classification, intent","$0.02","Fri Apr 23 22:59:39 PDT 2021","3","BatchId:4419456;OriginalHitTemplateId:929448123;","86400","259200","Sun Apr 25 22:59:39 PDT 2021","","","351SEKWQS0IICZ4DXY4K5K5T4EODM0","A2VO8C41JJIQY9","Submitted","Fri Apr 23 23:02:50 PDT 2021","Fri Apr 23 23:06:35 PDT 2021","Mon Apr 26 23:06:35 PDT 2021","","","","225","0% (0/0)","0% (0/0)","0% (0/0)","Protests Grow As Soviets Attack Jews","Negative"
"3LXX8KJXPWASNSEE8W9TM8FLYFUO9Z","3D7SO00DFLP8113XEKAE363T1IOVC0","Connotation of a Header","Select the connotation of the header","text, classification, intent","$0.02","Fri Apr 23 22:59:39 PDT 2021","3","BatchId:4419456;OriginalHitTemplateId:929448123;","86400","259200","Sun Apr 25 22:59:39 PDT 2021","","","3K2755HG5S4C6PCWBB07AULK7DCDFT","A12HSEVJPQODFW","Submitted","Fri Apr 23 23:01:33 PDT 2021","Fri Apr 23 23:02:01 PDT 2021","Mon Apr 26 23:02:01 PDT 2021","","","","28","0% (0/0)","0% (0/0)","0% (0/0)","Protests Grow As Soviets Attack Jews","Positive"
"3LXX8KJXPWASNSEE8W9TM8FLYFUO9Z","3D7SO00DFLP8113XEKAE363T1IOVC0","Connotation of a Header","Select the connotation of the header","text, classification, intent","$0.02","Fri Apr 23 22:59:39 PDT 2021","3","BatchId:4419456;OriginalHitTemplateId:929448123;","86400","259200","Sun Apr 25 22:59:39 PDT 2021","","","3VJ40NV2QIODTRLMW4JC2SCK20ROT9","A14OPFM8OFA4WF","Submitted","Fri Apr 23 23:07:34 PDT 2021","Fri Apr 23 23:18:39 PDT 2021","Mon Apr 26 23:18:39 PDT 2021","","","","665","0% (0/0)","0% (0/0)","0% (0/0)","Protests Grow As Soviets Attack Jews","Negative"
"3Z8UJEJOCZE313LSPYP1Y5HA3OZ39K","3D7SO00DFLP8113XEKAE363T1IOVC0","Connotation of a Header","Select the connotation of the header","text, classification, intent","$0.02","Fri Apr 23 22:59:39 PDT 2021","3","BatchId:4419456;OriginalHitTemplateId:929448123;","86400","259200","Sun Apr 25 22:59:39 PDT 2021","","","32UTUBMZ7GX8NP02XUE5XQ06SMOVBS","AVASQBFN6J692","Submitted","Fri Apr 23 23:03:01 PDT 2021","Fri Apr 23 23:03:09 PDT 2021","Mon Apr 26 23:03:09 PDT 2021","","","","8","0% (0/0)","0% (0/0)","0% (0/0)","Christian Association Members Participate In Alabama Protest","Neutral"
"3Z8UJEJOCZE313LSPYP1Y5HA3OZ39K","3D7SO00DFLP8113XEKAE363T1IOVC0","Connotation of a Header","Select the connotation of the header","text, classification, intent","$0.02","Fri Apr 23 22:59:39 PDT 2021","3","BatchId:4419456;OriginalHitTemplateId:929448123;","86400","259200","Sun Apr 25 22:59:39 PDT 2021","","","36H9ULYP62VP9BCOL7MIDSGXCX9FJ9","A2VO8C41JJIQY9","Submitted","Fri Apr 23 23:00:44 PDT 2021","Fri Apr 23 23:03:56 PDT 2021","Mon Apr 26 23:03:56 PDT 2021","","","","192","0% (0/0)","0% (0/0)","0% (0/0)","Christian Association Members Participate In Alabama Protest","Positive"
"3Z8UJEJOCZE313LSPYP1Y5HA3OZ39K","3D7SO00DFLP8113XEKAE363T1IOVC0","Connotation of a Header","Select the connotation of the header","text, classification, intent","$0.02","Fri Apr 23 22:59:39 PDT 2021","3","BatchId:4419456;OriginalHitTemplateId:929448123;","86400","259200","Sun Apr 25 22:59:39 PDT 2021","","","3WOKGM4L71HCDIOVY2V2IHAF5PV0OA","A14OPFM8OFA4WF","Submitted","Fri Apr 23 23:07:30 PDT 2021","Fri Apr 23 23:18:11 PDT 2021","Mon Apr 26 23:18:11 PDT 2021","","","","641","0% (0/0)","0% (0/0)","0% (0/0)","Christian Association Members Participate In Alabama Protest","Neutral"
"37AQKJ12TXPRKZS02J097IMKRUETTQ","3D7SO00DFLP8113XEKAE363T1IOVC0","Connotation of a Header","Select the connotation of the header","text, classification, intent","$0.02","Fri Apr 23 22:59:39 PDT 2021","3","BatchId:4419456;OriginalHitTemplateId:929448123;","86400","259200","Sun Apr 25 22:59:39 PDT 2021","","","31QTRG6Q2TERVDWHLAJQZ99PR75PYG","A2VO8C41JJIQY9","Submitted","Fri Apr 23 23:00:48 PDT 2021","Fri Apr 23 23:04:10 PDT 2021","Mon Apr 26 23:04:10 PDT 2021","","","","202","0% (0/0)","0% (0/0)","0% (0/0)","Thirty New Buildings To Rise $93 Million Development Program Unveiled","Positive"
"37AQKJ12TXPRKZS02J097IMKRUETTQ","3D7SO00DFLP8113XEKAE363T1IOVC0","Connotation of a Header","Select the connotation of the header","text, classification, intent","$0.02","Fri Apr 23 22:59:39 PDT 2021","3","BatchId:4419456;OriginalHitTemplateId:929448123;","86400","259200","Sun Apr 25 22:59:39 PDT 2021","","","3HVVDCPGTETPN5PO2RSA4JAMGAQYTU","AVASQBFN6J692","Submitted","Fri Apr 23 23:06:01 PDT 2021","Fri Apr 23 23:06:08 PDT 2021","Mon Apr 26 23:06:08 PDT 2021","","","","7","0% (0/0)","0% (0/0)","0% (0/0)","Thirty New Buildings To Rise $93 Million Development Program Unveiled","Positive"
"37AQKJ12TXPRKZS02J097IMKRUETTQ","3D7SO00DFLP8113XEKAE363T1IOVC0","Connotation of a Header","Select the connotation of the header","text, classification, intent","$0.02","Fri Apr 23 22:59:39 PDT 2021","3","BatchId:4419456;OriginalHitTemplateId:929448123;","86400","259200","Sun Apr 25 22:59:39 PDT 2021","","","3MB8LZR5BFU6KNS2P3PS9KLUOIVKLI","A12HSEVJPQODFW","Submitted","Fri Apr 23 23:01:08 PDT 2021","Fri Apr 23 23:01:32 PDT 2021","Mon Apr 26 23:01:32 PDT 2021","","","","24","0% (0/0)","0% (0/0)","0% (0/0)","Thirty New Buildings To Rise $93 Million Development Program Unveiled","Negative"
"3THR0FZ95PUNOUFNXTCJRH6GY9BLOT","3D7SO00DFLP8113XEKAE363T1IOVC0","Connotation of a Header","Select the connotation of the header","text, classification, intent","$0.02","Fri Apr 23 22:59:39 PDT 2021","3","BatchId:4419456;OriginalHitTemplateId:929448123;","86400","259200","Sun Apr 25 22:59:39 PDT 2021","","","36ZN444YTRZNKD5B2SK8OLABRJBIOM","A2VO8C41JJIQY9","Submitted","Fri Apr 23 23:00:59 PDT 2021","Fri Apr 23 23:05:08 PDT 2021","Mon Apr 26 23:05:08 PDT 2021","","","","249","0% (0/0)","0% (0/0)","0% (0/0)","Wells Praises American Role in Domingo Affair","Positive"
"3THR0FZ95PUNOUFNXTCJRH6GY9BLOT","3D7SO00DFLP8113XEKAE363T1IOVC0","Connotation of a Header","Select the connotation of the header","text, classification, intent","$0.02","Fri Apr 23 22:59:39 PDT 2021","3","BatchId:4419456;OriginalHitTemplateId:929448123;","86400","259200","Sun Apr 25 22:59:39 PDT 2021","","","3CTOC39K37RCUIXI3OO6P03GE9QJ79","AVASQBFN6J692","Submitted","Fri Apr 23 23:02:42 PDT 2021","Fri Apr 23 23:02:52 PDT 2021","Mon Apr 26 23:02:52 PDT 2021","","","","10","0% (0/0)","0% (0/0)","0% (0/0)","Wells Praises American Role in Domingo Affair","Positive"
"3THR0FZ95PUNOUFNXTCJRH6GY9BLOT","3D7SO00DFLP8113XEKAE363T1IOVC0","Connotation of a Header","Select the connotation of the header","text, classification, intent","$0.02","Fri Apr 23 22:59:39 PDT 2021","3","BatchId:4419456;OriginalHitTemplateId:929448123;","86400","259200","Sun Apr 25 22:59:39 PDT 2021","","","3VAR3R6G1P2UV7TYT68HBWGXON78O5","A14OPFM8OFA4WF","Submitted","Fri Apr 23 23:07:38 PDT 2021","Fri Apr 23 23:19:05 PDT 2021","Mon Apr 26 23:19:05 PDT 2021","","","","687","0% (0/0)","0% (0/0)","0% (0/0)","Wells Praises American Role in Domingo Affair","Positive"
"31YWE12TE0DB3I4DUQY5RPF8FTC7XC","3D7SO00DFLP8113XEKAE363T1IOVC0","Connotation of a Header","Select the connotation of the header","text, classification, intent","$0.02","Fri Apr 23 22:59:39 PDT 2021","3","BatchId:4419456;OriginalHitTemplateId:929448123;","86400","259200","Sun Apr 25 22:59:39 PDT 2021","","","324G5B4FB395SCWWHGE07VOKF0L07K","A14OPFM8OFA4WF","Submitted","Fri Apr 23 23:05:29 PDT 2021","Fri Apr 23 23:05:38 PDT 2021","Mon Apr 26 23:05:38 PDT 2021","","","","9","0% (0/0)","0% (0/0)","0% (0/0)","Faculty Members Clash on ICR Gas and Germ Warfare Research Administration Officials Meet Today To Prepare Clarifying Statement","Neutral"
"31YWE12TE0DB3I4DUQY5RPF8FTC7XC","3D7SO00DFLP8113XEKAE363T1IOVC0","Connotation of a Header","Select the connotation of the header","text, classification, intent","$0.02","Fri Apr 23 22:59:39 PDT 2021","3","BatchId:4419456;OriginalHitTemplateId:929448123;","86400","259200","Sun Apr 25 22:59:39 PDT 2021","","","3NPI0JQDAO6VERXNB4WRRSHAC5NTPV","AVASQBFN6J692","Submitted","Fri Apr 23 23:05:06 PDT 2021","Fri Apr 23 23:05:12 PDT 2021","Mon Apr 26 23:05:12 PDT 2021","","","","6","0% (0/0)","0% (0/0)","0% (0/0)","Faculty Members Clash on ICR Gas and Germ Warfare Research Administration Officials Meet Today To Prepare Clarifying Statement","Negative"
"31YWE12TE0DB3I4DUQY5RPF8FTC7XC","3D7SO00DFLP8113XEKAE363T1IOVC0","Connotation of a Header","Select the connotation of the header","text, classification, intent","$0.02","Fri Apr 23 22:59:39 PDT 2021","3","BatchId:4419456;OriginalHitTemplateId:929448123;","86400","259200","Sun Apr 25 22:59:39 PDT 2021","","","3UWN2HHPUY6UW68V6PE9DYGTA78SN9","A2VO8C41JJIQY9","Submitted","Fri Apr 23 23:00:33 PDT 2021","Fri Apr 23 23:02:09 PDT 2021","Mon Apr 26 23:02:09 PDT 2021","","","","96","0% (0/0)","0% (0/0)","0% (0/0)","Faculty Members Clash on ICR Gas and Germ Warfare Research Administration Officials Meet Today To Prepare Clarifying Statement","Negative"
"3Y3N5A7N4GAJOQ1A3SMWTLJ7CO0YMJ","3D7SO00DFLP8113XEKAE363T1IOVC0","Connotation of a Header","Select the connotation of the header","text, classification, intent","$0.02","Fri Apr 23 22:59:40 PDT 2021","3","BatchId:4419456;OriginalHitTemplateId:929448123;","86400","259200","Sun Apr 25 22:59:40 PDT 2021","","","3BF51CHDTVB2L128UP0CY8DET3H0HM","AVASQBFN6J692","Submitted","Fri Apr 23 23:06:30 PDT 2021","Fri Apr 23 23:06:37 PDT 2021","Mon Apr 26 23:06:37 PDT 2021","","","","7","0% (0/0)","0% (0/0)","0% (0/0)","University Silent on Campus Guards; Locust Walk Fight Injures Student Phi Kap Brother Injures Eye","Negative"
"3Y3N5A7N4GAJOQ1A3SMWTLJ7CO0YMJ","3D7SO00DFLP8113XEKAE363T1IOVC0","Connotation of a Header","Select the connotation of the header","text, classification, intent","$0.02","Fri Apr 23 22:59:40 PDT 2021","3","BatchId:4419456;OriginalHitTemplateId:929448123;","86400","259200","Sun Apr 25 22:59:40 PDT 2021","","","3C6FJU71TQU4NI4D2WIK9FWOZOXUYH","A2VO8C41JJIQY9","Submitted","Fri Apr 23 23:00:37 PDT 2021","Fri Apr 23 23:03:01 PDT 2021","Mon Apr 26 23:03:01 PDT 2021","","","","144","0% (0/0)","0% (0/0)","0% (0/0)","University Silent on Campus Guards; Locust Walk Fight Injures Student Phi Kap Brother Injures Eye","Negative"
"3Y3N5A7N4GAJOQ1A3SMWTLJ7CO0YMJ","3D7SO00DFLP8113XEKAE363T1IOVC0","Connotation of a Header","Select the connotation of the header","text, classification, intent","$0.02","Fri Apr 23 22:59:40 PDT 2021","3","BatchId:4419456;OriginalHitTemplateId:929448123;","86400","259200","Sun Apr 25 22:59:40 PDT 2021","","","3DY4FPOOA1PV3WHRTR0VX55AA8RVR5","A14OPFM8OFA4WF","Submitted","Fri Apr 23 23:05:53 PDT 2021","Fri Apr 23 23:05:59 PDT 2021","Mon Apr 26 23:05:59 PDT 2021","","","","6","0% (0/0)","0% (0/0)","0% (0/0)","University Silent on Campus Guards; Locust Walk Fight Injures Student Phi Kap Brother Injures Eye","Negative"
"32LAQ1JNT9Q6KC7P2OQJCE8MA8LTUH","3D7SO00DFLP8113XEKAE363T1IOVC0","Connotation of a Header","Select the connotation of the header","text, classification, intent","$0.02","Fri Apr 23 22:59:40 PDT 2021","3","BatchId:4419456;OriginalHitTemplateId:929448123;","86400","259200","Sun Apr 25 22:59:40 PDT 2021","","","30OG32W0SUCTMN3D5UU4OHCE9GZNE3","A2VO8C41JJIQY9","Submitted","Fri Apr 23 23:01:57 PDT 2021","Fri Apr 23 23:06:07 PDT 2021","Mon Apr 26 23:06:07 PDT 2021","","","","250","0% (0/0)","0% (0/0)","0% (0/0)","Harnwell Says Views On Research Projects Do Not Change Policy","Neutral"
"32LAQ1JNT9Q6KC7P2OQJCE8MA8LTUH","3D7SO00DFLP8113XEKAE363T1IOVC0","Connotation of a Header","Select the connotation of the header","text, classification, intent","$0.02","Fri Apr 23 22:59:40 PDT 2021","3","BatchId:4419456;OriginalHitTemplateId:929448123;","86400","259200","Sun Apr 25 22:59:40 PDT 2021","","","34S9DKFK73QRSSK45V6YVK4URS4YNT","AVASQBFN6J692","Submitted","Fri Apr 23 23:05:12 PDT 2021","Fri Apr 23 23:05:19 PDT 2021","Mon Apr 26 23:05:19 PDT 2021","","","","7","0% (0/0)","0% (0/0)","0% (0/0)","Harnwell Says Views On Research Projects Do Not Change Policy","Neutral"
"32LAQ1JNT9Q6KC7P2OQJCE8MA8LTUH","3D7SO00DFLP8113XEKAE363T1IOVC0","Connotation of a Header","Select the connotation of the header","text, classification, intent","$0.02","Fri Apr 23 22:59:40 PDT 2021","3","BatchId:4419456;OriginalHitTemplateId:929448123;","86400","259200","Sun Apr 25 22:59:40 PDT 2021","","","3XCC1ODXDLC3YOLA7S6LRI62TGCRQ7","A14OPFM8OFA4WF","Submitted","Fri Apr 23 23:07:28 PDT 2021","Fri Apr 23 23:10:23 PDT 2021","Mon Apr 26 23:10:23 PDT 2021","","","","175","0% (0/0)","0% (0/0)","0% (0/0)","Harnwell Says Views On Research Projects Do Not Change Policy","Positive"
"3D5G8J4N5A56XRWP7E0O80A5OFUTV6","3D7SO00DFLP8113XEKAE363T1IOVC0","Connotation of a Header","Select the connotation of the header","text, classification, intent","$0.02","Fri Apr 23 22:59:40 PDT 2021","3","BatchId:4419456;OriginalHitTemplateId:929448123;","86400","259200","Sun Apr 25 22:59:40 PDT 2021","","","3FIJLY1B6U5LVMFMGKR2AO29LWFFP9","AVASQBFN6J692","Submitted","Fri Apr 23 23:01:59 PDT 2021","Fri Apr 23 23:02:10 PDT 2021","Mon Apr 26 23:02:10 PDT 2021","","","","11","0% (0/0)","0% (0/0)","0% (0/0)","Vulturous' Lobbying Blasted by Simpson","Negative"
"3D5G8J4N5A56XRWP7E0O80A5OFUTV6","3D7SO00DFLP8113XEKAE363T1IOVC0","Connotation of a Header","Select the connotation of the header","text, classification, intent","$0.02","Fri Apr 23 22:59:40 PDT 2021","3","BatchId:4419456;OriginalHitTemplateId:929448123;","86400","259200","Sun Apr 25 22:59:40 PDT 2021","","","3FPRZHYEPY83KUWPI1ZZF72U4UBV31","A2VO8C41JJIQY9","Submitted","Fri Apr 23 23:01:30 PDT 2021","Fri Apr 23 23:05:54 PDT 2021","Mon Apr 26 23:05:54 PDT 2021","","","","264","0% (0/0)","0% (0/0)","0% (0/0)","Vulturous' Lobbying Blasted by Simpson","Negative"
"3D5G8J4N5A56XRWP7E0O80A5OFUTV6","3D7SO00DFLP8113XEKAE363T1IOVC0","Connotation of a Header","Select the connotation of the header","text, classification, intent","$0.02","Fri Apr 23 22:59:40 PDT 2021","3","BatchId:4419456;OriginalHitTemplateId:929448123;","86400","259200","Sun Apr 25 22:59:40 PDT 2021","","","3QUO65DNQUPST40BW99M7OYMLEYOU0","A14OPFM8OFA4WF","Submitted","Fri Apr 23 23:07:36 PDT 2021","Fri Apr 23 23:18:53 PDT 2021","Mon Apr 26 23:18:53 PDT 2021","","","","677","0% (0/0)","0% (0/0)","0% (0/0)","Vulturous' Lobbying Blasted by Simpson","Negative"
"37PGLWGSJT7282M2EYNDSKXFX07IKS","3D7SO00DFLP8113XEKAE363T1IOVC0","Connotation of a Header","Select the connotation of the header","text, classification, intent","$0.02","Fri Apr 23 22:59:40 PDT 2021","3","BatchId:4419456;OriginalHitTemplateId:929448123;","86400","259200","Sun Apr 25 22:59:40 PDT 2021","","","388U7OUMF72FAVGBQUC6CCFKGCF0RJ","A14OPFM8OFA4WF","Submitted","Fri Apr 23 23:07:37 PDT 2021","Fri Apr 23 23:18:59 PDT 2021","Mon Apr 26 23:18:59 PDT 2021","","","","682","0% (0/0)","0% (0/0)","0% (0/0)","ICR Opponents Dispute Harnwell As Societies Plan Rights Meeting Will Picket Sat. At Founder's Day","Neutral"
"37PGLWGSJT7282M2EYNDSKXFX07IKS","3D7SO00DFLP8113XEKAE363T1IOVC0","Connotation of a Header","Select the connotation of the header","text, classification, intent","$0.02","Fri Apr 23 22:59:40 PDT 2021","3","BatchId:4419456;OriginalHitTemplateId:929448123;","86400","259200","Sun Apr 25 22:59:40 PDT 2021","","","3KAKFY4PGU3YYOCPJU0G0IC0WSG3ID","AVASQBFN6J692","Submitted","Fri Apr 23 23:07:27 PDT 2021","Fri Apr 23 23:07:34 PDT 2021","Mon Apr 26 23:07:34 PDT 2021","","","","7","0% (0/0)","0% (0/0)","0% (0/0)","ICR Opponents Dispute Harnwell As Societies Plan Rights Meeting Will Picket Sat. At Founder's Day","Neutral"
"37PGLWGSJT7282M2EYNDSKXFX07IKS","3D7SO00DFLP8113XEKAE363T1IOVC0","Connotation of a Header","Select the connotation of the header","text, classification, intent","$0.02","Fri Apr 23 22:59:40 PDT 2021","3","BatchId:4419456;OriginalHitTemplateId:929448123;","86400","259200","Sun Apr 25 22:59:40 PDT 2021","","","3WRFBPLXRAPQCPNGGAD85Q8HIR9N3C","A2VO8C41JJIQY9","Submitted","Fri Apr 23 23:00:03 PDT 2021","Fri Apr 23 23:00:52 PDT 2021","Mon Apr 26 23:00:52 PDT 2021","","","","49","0% (0/0)","0% (0/0)","0% (0/0)","ICR Opponents Dispute Harnwell As Societies Plan Rights Meeting Will Picket Sat. At Founder's Day","Negative"
"3SX4X51T80A6SBOJ02NTI3Q54XCOAE","3D7SO00DFLP8113XEKAE363T1IOVC0","Connotation of a Header","Select the connotation of the header","text, classification, intent","$0.02","Fri Apr 23 22:59:40 PDT 2021","3","BatchId:4419456;OriginalHitTemplateId:929448123;","86400","259200","Sun Apr 25 22:59:40 PDT 2021","","","35LDD5557A5QQ5ANPFQ79X0JONLKMK","A2VO8C41JJIQY9","Submitted","Fri Apr 23 23:00:29 PDT 2021","Fri Apr 23 23:01:29 PDT 2021","Mon Apr 26 23:01:29 PDT 2021","","","","60","0% (0/0)","0% (0/0)","0% (0/0)","Coed Provisional Council Formed After Senatorial Bill Is Rescinded","Neutral"
"3SX4X51T80A6SBOJ02NTI3Q54XCOAE","3D7SO00DFLP8113XEKAE363T1IOVC0","Connotation of a Header","Select the connotation of the header","text, classification, intent","$0.02","Fri Apr 23 22:59:40 PDT 2021","3","BatchId:4419456;OriginalHitTemplateId:929448123;","86400","259200","Sun Apr 25 22:59:40 PDT 2021","","","3EO896NRAWWZSGUPGRR7UWVY36HTJV","AVASQBFN6J692","Submitted","Fri Apr 23 23:04:08 PDT 2021","Fri Apr 23 23:04:16 PDT 2021","Mon Apr 26 23:04:16 PDT 2021","","","","8","0% (0/0)","0% (0/0)","0% (0/0)","Coed Provisional Council Formed After Senatorial Bill Is Rescinded","Negative"
"3SX4X51T80A6SBOJ02NTI3Q54XCOAE","3D7SO00DFLP8113XEKAE363T1IOVC0","Connotation of a Header","Select the connotation of the header","text, classification, intent","$0.02","Fri Apr 23 22:59:40 PDT 2021","3","BatchId:4419456;OriginalHitTemplateId:929448123;","86400","259200","Sun Apr 25 22:59:40 PDT 2021","","","3M0NZ3JDP1ZN7TO3XHCVFADA6195Z2","A14OPFM8OFA4WF","Submitted","Fri Apr 23 23:07:25 PDT 2021","Fri Apr 23 23:10:16 PDT 2021","Mon Apr 26 23:10:16 PDT 2021","","","","171","0% (0/0)","0% (0/0)","0% (0/0)","Coed Provisional Council Formed After Senatorial Bill Is Rescinded","Negative"
"3S4TINXCC0OBBLTB6GNPDEABMFXOB9","3D7SO00DFLP8113XEKAE363T1IOVC0","Connotation of a Header","Select the connotation of the header","text, classification, intent","$0.02","Fri Apr 23 22:59:40 PDT 2021","3","BatchId:4419456;OriginalHitTemplateId:929448123;","86400","259200","Sun Apr 25 22:59:40 PDT 2021","","","3DOCMVPBTNFXGTGQYTXNE46NN80NNS","A12HSEVJPQODFW","Submitted","Fri Apr 23 23:02:36 PDT 2021","Fri Apr 23 23:02:51 PDT 2021","Mon Apr 26 23:02:51 PDT 2021","","","","15","0% (0/0)","0% (0/0)","0% (0/0)","McCloskey, Pawlak, Hannum Feted At Daily Pennsylvanian Banquet","Positive"
"3S4TINXCC0OBBLTB6GNPDEABMFXOB9","3D7SO00DFLP8113XEKAE363T1IOVC0","Connotation of a Header","Select the connotation of the header","text, classification, intent","$0.02","Fri Apr 23 22:59:40 PDT 2021","3","BatchId:4419456;OriginalHitTemplateId:929448123;","86400","259200","Sun Apr 25 22:59:40 PDT 2021","","","3IUZPWIU1O8MVH41THWUIV2AMPZWKN","A14OPFM8OFA4WF","Submitted","Fri Apr 23 23:08:57 PDT 2021","Fri Apr 23 23:09:02 PDT 2021","Mon Apr 26 23:09:02 PDT 2021","","","","5","0% (0/0)","0% (0/0)","0% (0/0)","McCloskey, Pawlak, Hannum Feted At Daily Pennsylvanian Banquet","Positive"
"3S4TINXCC0OBBLTB6GNPDEABMFXOB9","3D7SO00DFLP8113XEKAE363T1IOVC0","Connotation of a Header","Select the connotation of the header","text, classification, intent","$0.02","Fri Apr 23 22:59:40 PDT 2021","3","BatchId:4419456;OriginalHitTemplateId:929448123;","86400","259200","Sun Apr 25 22:59:40 PDT 2021","","","3YOH7BII0989GS4W37RYWTJWFGXVKC","AVASQBFN6J692","Submitted","Fri Apr 23 23:04:16 PDT 2021","Fri Apr 23 23:04:24 PDT 2021","Mon Apr 26 23:04:24 PDT 2021","","","","8","0% (0/0)","0% (0/0)","0% (0/0)","McCloskey, Pawlak, Hannum Feted At Daily Pennsylvanian Banquet","Neutral"
"3JGHED38EDS03NUNZMK7A3MHHZ67YI","3D7SO00DFLP8113XEKAE363T1IOVC0","Connotation of a Header","Select the connotation of the header","text, classification, intent","$0.02","Fri Apr 23 22:59:40 PDT 2021","3","BatchId:4419456;OriginalHitTemplateId:929448123;","86400","259200","Sun Apr 25 22:59:40 PDT 2021","","","37U1UTWH9VNXSKLELYPL5RL2ZAR8RE","AVASQBFN6J692","Submitted","Fri Apr 23 23:07:41 PDT 2021","Fri Apr 23 23:07:49 PDT 2021","Mon Apr 26 23:07:49 PDT 2021","","","","8","0% (0/0)","0% (0/0)","0% (0/0)","Dead Cockroach Makes Debut Before PSG Assembly Committee Members","Negative"
"3JGHED38EDS03NUNZMK7A3MHHZ67YI","3D7SO00DFLP8113XEKAE363T1IOVC0","Connotation of a Header","Select the connotation of the header","text, classification, intent","$0.02","Fri Apr 23 22:59:40 PDT 2021","3","BatchId:4419456;OriginalHitTemplateId:929448123;","86400","259200","Sun Apr 25 22:59:40 PDT 2021","","","3FTOP5WARFPYC7XYIP3XALTT6VL0JR","A14OPFM8OFA4WF","Submitted","Fri Apr 23 23:06:53 PDT 2021","Fri Apr 23 23:07:00 PDT 2021","Mon Apr 26 23:07:00 PDT 2021","","","","7","0% (0/0)","0% (0/0)","0% (0/0)","Dead Cockroach Makes Debut Before PSG Assembly Committee Members","Negative"
"3JGHED38EDS03NUNZMK7A3MHHZ67YI","3D7SO00DFLP8113XEKAE363T1IOVC0","Connotation of a Header","Select the connotation of the header","text, classification, intent","$0.02","Fri Apr 23 22:59:40 PDT 2021","3","BatchId:4419456;OriginalHitTemplateId:929448123;","86400","259200","Sun Apr 25 22:59:40 PDT 2021","","","3Z7VU45IPYIOJBNKWUAJCK0TUL3Z1D","A2VO8C41JJIQY9","Submitted","Fri Apr 23 23:06:51 PDT 2021","Fri Apr 23 23:07:31 PDT 2021","Mon Apr 26 23:07:31 PDT 2021","","","","40","0% (0/0)","0% (0/0)","0% (0/0)","Dead Cockroach Makes Debut Before PSG Assembly Committee Members","Negative"
"3XBYQ44Z6P5JCGWUXO5KU2TJVOWTWG","3D7SO00DFLP8113XEKAE363T1IOVC0","Connotation of a Header","Select the connotation of the header","text, classification, intent","$0.02","Fri Apr 23 22:59:40 PDT 2021","3","BatchId:4419456;OriginalHitTemplateId:929448123;","86400","259200","Sun Apr 25 22:59:40 PDT 2021","","","39GXDJN2OTFPLR2VUIUV6OA5KG3V8T","AVASQBFN6J692","Submitted","Fri Apr 23 23:02:17 PDT 2021","Fri Apr 23 23:02:24 PDT 2021","Mon Apr 26 23:02:24 PDT 2021","","","","7","0% (0/0)","0% (0/0)","0% (0/0)","Campus Religious Organizations Offer Spiritual Succor Chaplain Johnson Aids Students in Distress","Positive"
"3XBYQ44Z6P5JCGWUXO5KU2TJVOWTWG","3D7SO00DFLP8113XEKAE363T1IOVC0","Connotation of a Header","Select the connotation of the header","text, classification, intent","$0.02","Fri Apr 23 22:59:40 PDT 2021","3","BatchId:4419456;OriginalHitTemplateId:929448123;","86400","259200","Sun Apr 25 22:59:40 PDT 2021","","","3WS1NTTKEYDI75B2ZZCCVN11DO40FO","A14OPFM8OFA4WF","Submitted","Fri Apr 23 23:06:00 PDT 2021","Fri Apr 23 23:06:06 PDT 2021","Mon Apr 26 23:06:06 PDT 2021","","","","6","0% (0/0)","0% (0/0)","0% (0/0)","Campus Religious Organizations Offer Spiritual Succor Chaplain Johnson Aids Students in Distress","Positive"
"3XBYQ44Z6P5JCGWUXO5KU2TJVOWTWG","3D7SO00DFLP8113XEKAE363T1IOVC0","Connotation of a Header","Select the connotation of the header","text, classification, intent","$0.02","Fri Apr 23 22:59:40 PDT 2021","3","BatchId:4419456;OriginalHitTemplateId:929448123;","86400","259200","Sun Apr 25 22:59:40 PDT 2021","","","3Z3ZLGNNSIVBFM08W25P9K3MN2WQ32","A2VO8C41JJIQY9","Submitted","Fri Apr 23 23:01:07 PDT 2021","Fri Apr 23 23:05:35 PDT 2021","Mon Apr 26 23:05:35 PDT 2021","","","","268","0% (0/0)","0% (0/0)","0% (0/0)","Campus Religious Organizations Offer Spiritual Succor Chaplain Johnson Aids Students in Distress","Positive"